sku,nombre,descripcion_completa,categoria_ct,categoria_clasificada,marca,base_cost_usd,costo_proveedor_mxn,precio_original,original,precio,precio_mxn,precio_mayoreo_10pzs,precio_piso_minimo_20,img,local_img
CDRDLL040,"Unidad de DVD Externo DELL 429-AAUQ DW316 Quemador de DVD, DVD+RW 8x / CD-RW 24x, USB 2.0, Externo, Negro.","Unidad de DVD Externo DELL 429-AAUQ DW316 Quemador de DVD, DVD+RW 8x / CD-RW 24x, USB 2.0, Externo, Negro.. Clave Oficial CT: CDRDLL040. Marca: CT.",EQUIPOS DE MARCA,equipos_de_marca,CT,586.96,11445.65,18313.04,18313.04,15451.63,15451.63,14307.07,13734.78,https://static.ctonline.mx/imagenes/CDRDLL040/CDRDLL040_400.jpg,assets/img/catalog/CDRDLL040.jpg
SOFDLL1140,"Windows Server DELL 2025 Essentials Edition 634-CVDT, ROK, 10CORE (for Distributor sale only) Compatible con servidores DELL.","Windows Server DELL 2025 Essentials Edition 634-CVDT, ROK, 10CORE (for Distributor sale only) Compatible con servidores DELL.. Clave Oficial CT: SOFDLL1140. Marca: CT.",EQUIPOS DE MARCA,equipos_de_marca,CT,7077.17,138004.89,220807.83,220807.83,186306.6,186306.6,172506.11,165605.87,https://static.ctonline.mx/imagenes/SOFDLL1140/SOFDLL1140_400.jpg,assets/img/catalog/SOFDLL1140.jpg
SOFDLL1150,"Windows Server DELL 2025,Standard, 634-CVFM ROK,16CORE (for Distributor sale only) Compatible con servidores DELL.","Windows Server DELL 2025,Standard, 634-CVFM ROK,16CORE (for Distributor sale only) Compatible con servidores DELL.. Clave Oficial CT: SOFDLL1150. Marca: CT.",EQUIPOS DE MARCA,equipos_de_marca,CT,17434.78,339978.26,543965.22,543965.22,458970.65,458970.65,424972.83,407973.91,https://static.ctonline.mx/imagenes/SOFDLL1150/SOFDLL1150_400.jpg,assets/img/catalog/SOFDLL1150.jpg
SOFDLL1000,"Windows Server DELL 2022 634-BYKY StandardEdition, Add License,16CORE, NO MEDIA/KEY, Cus Kit Compatible con servidores DELL.","Windows Server DELL 2022 634-BYKY StandardEdition, Add License,16CORE, NO MEDIA/KEY, Cus Kit Compatible con servidores DELL.. Clave Oficial CT: SOFDLL1000. Marca: CT.",EQUIPOS DE MARCA,equipos_de_marca,CT,18942.61,369380.87,591009.39,591009.39,498664.17,498664.17,461726.09,443257.04,https://static.ctonline.mx/imagenes/SOFDLL1000/SOFDLL1000_400.jpg,assets/img/catalog/SOFDLL1000.jpg
SOFDLL1350,Paquete de 5 usuarios Remotos para Windows Server 2025 3000199864666.3 - Permite que hasta 5 usuarios adicionales accedan de forma remota al escritorio de un servidor con Windows Server 2025. Necesario para entornos donde varios usuarios trabajan desde fuera de la oficina o usan aplicaciones publicadas vía Terminal Server / RDS. Ideal para pequeñas oficinas o expansiones graduales de usuarios remotos.,Paquete de 5 usuarios Remotos para Windows Server 2025 3000199864666.3 - Permite que hasta 5 usuarios adicionales accedan de forma remota al escritorio de un servidor con Windows Server 2025. Necesario para entornos donde varios usuarios trabajan desde fuera de la oficina o usan aplicaciones publicadas vía Terminal Server / RDS. Ideal para pequeñas oficinas o expansiones graduales de usuarios remotos.. Clave Oficial CT: SOFDLL1350. Marca: CT.,EQUIPOS DE MARCA,equipos_de_marca,CT,17604.26,343283.09,549252.94,549252.94,463432.17,463432.17,429103.86,411939.7,https://static.ctonline.mx/imagenes/SOFDLL1350/SOFDLL1350_400.jpg,assets/img/catalog/SOFDLL1350.jpg
EXTDLL7260,Extensión de Garantía Dell de 3Y Next Bus Day a 3y ProSupport N_OPTL1_N3_P3,Extensión de Garantía Dell de 3Y Next Bus Day a 3y ProSupport N_OPTL1_N3_P3. Clave Oficial CT: EXTDLL7260. Marca: CT.,EQUIPOS DE MARCA,equipos_de_marca,CT,1192.87,23261.01,37217.62,37217.62,31402.36,31402.36,29076.26,27913.21,https://static.ctonline.mx/imagenes/EXTDLL7260/EXTDLL7260_400.jpg,assets/img/catalog/EXTDLL7260.jpg
EXTDLL7090,Extensión de Garantía Dell  1Y Carry In a 3Y Premium Support N_INSPDTM1_C1_R3,Extensión de Garantía Dell  1Y Carry In a 3Y Premium Support N_INSPDTM1_C1_R3. Clave Oficial CT: EXTDLL7090. Marca: CT.,EQUIPOS DE MARCA,equipos_de_marca,CT,3211.7,62628.19,100205.11,100205.11,84548.06,84548.06,78285.24,75153.83,https://static.ctonline.mx/imagenes/EXTDLL7090/EXTDLL7090_400.jpg,assets/img/catalog/EXTDLL7090.jpg
EXTDLL7270,Extensión de Garantía Dell 3y ProSupport a  3y ProSupport Plus N_OPTL3_P3_M3,Extensión de Garantía Dell 3y ProSupport a  3y ProSupport Plus N_OPTL3_P3_M3. Clave Oficial CT: EXTDLL7270. Marca: CT.,EQUIPOS DE MARCA,equipos_de_marca,CT,743.62,14500.53,23200.85,23200.85,19575.72,19575.72,18125.66,17400.64,https://static.ctonline.mx/imagenes/EXTDLL7270/EXTDLL7270_400.jpg,assets/img/catalog/EXTDLL7270.jpg
EXTDLL7080,Extensión de Garantía Dell  1Y Carry In a 3Y Carry In N_INSPDTM1_C1_C3,Extensión de Garantía Dell  1Y Carry In a 3Y Carry In N_INSPDTM1_C1_C3. Clave Oficial CT: EXTDLL7080. Marca: CT.,EQUIPOS DE MARCA,equipos_de_marca,CT,1654.26,32257.98,51612.77,51612.77,43548.27,43548.27,40322.47,38709.57,https://static.ctonline.mx/imagenes/EXTDLL7080/EXTDLL7080_400.jpg,assets/img/catalog/EXTDLL7080.jpg
EXTDLL9570,Extensión de Garantía Dell de 3Y Next Bus Day a 3y ProSupport N_OPTM1_N3_P3,Extensión de Garantía Dell de 3Y Next Bus Day a 3y ProSupport N_OPTM1_N3_P3. Clave Oficial CT: EXTDLL9570. Marca: CT.,EQUIPOS DE MARCA,equipos_de_marca,CT,1207.45,23545.21,37672.34,37672.34,31786.04,31786.04,29431.52,28254.26,https://static.ctonline.mx/imagenes/EXTDLL9570/EXTDLL9570_400.jpg,assets/img/catalog/EXTDLL9570.jpg
EXTDLL7790,Extensión de Garantía Dell de 3Y Next Bus Day a 3y ProSupport N_OPTL3_N3_P3,Extensión de Garantía Dell de 3Y Next Bus Day a 3y ProSupport N_OPTL3_N3_P3. Clave Oficial CT: EXTDLL7790. Marca: CT.,EQUIPOS DE MARCA,equipos_de_marca,CT,1288.3,25121.81,40194.89,40194.89,33914.44,33914.44,31402.26,30146.17,https://static.ctonline.mx/imagenes/EXTDLL7790/EXTDLL7790_400.jpg,assets/img/catalog/EXTDLL7790.jpg
EXTDLL9000,Extensión de Garantía Dell  1Y Next Bus Day a 3y ProSupport N_INSPDTM1_N1_P3,Extensión de Garantía Dell  1Y Next Bus Day a 3y ProSupport N_INSPDTM1_N1_P3. Clave Oficial CT: EXTDLL9000. Marca: CT.,EQUIPOS DE MARCA,equipos_de_marca,CT,2571.28,50139.89,80223.83,80223.83,67688.86,67688.86,62674.87,60167.87,https://static.ctonline.mx/imagenes/EXTDLL9000/EXTDLL9000_400.jpg,assets/img/catalog/EXTDLL9000.jpg
EXTDLL8940,Extensión de Garantía Dell  1Y Carry In a 3Y Premium Support N_ANWDTM1_C1_R3,Extensión de Garantía Dell  1Y Carry In a 3Y Premium Support N_ANWDTM1_C1_R3. Clave Oficial CT: EXTDLL8940. Marca: CT.,EQUIPOS DE MARCA,equipos_de_marca,CT,4622.34,90135.64,144217.02,144217.02,121683.11,121683.11,112669.55,108162.77,https://static.ctonline.mx/imagenes/EXTDLL8940/EXTDLL8940_400.jpg,assets/img/catalog/EXTDLL8940.jpg
EXTDLL9840,Extensión de Garantía Dell 3y Adv Ex a 3y ProSupport Adv Ex N_MONL1_AE3_PA3,Extensión de Garantía Dell 3y Adv Ex a 3y ProSupport Adv Ex N_MONL1_AE3_PA3. Clave Oficial CT: EXTDLL9840. Marca: CT.,EQUIPOS DE MARCA,equipos_de_marca,CT,354.26,6907.98,11052.77,11052.77,9325.77,9325.77,8634.97,8289.57,https://static.ctonline.mx/imagenes/EXTDLL9840/EXTDLL9840_400.jpg,assets/img/catalog/EXTDLL9840.jpg
EXTDLL8140,Extensión de Garantía Dell 3y Adv Ex a 3y ProSupport Adv Ex N_MONL2_AE3_PA3,Extensión de Garantía Dell 3y Adv Ex a 3y ProSupport Adv Ex N_MONL2_AE3_PA3. Clave Oficial CT: EXTDLL8140. Marca: CT.,EQUIPOS DE MARCA,equipos_de_marca,CT,361.7,7053.19,11285.11,11285.11,9521.81,9521.81,8816.49,8463.83,https://static.ctonline.mx/imagenes/EXTDLL8140/EXTDLL8140_400.jpg,assets/img/catalog/EXTDLL8140.jpg
EXTDLL9820,Extensión de Garantía Dell 3y Adv Ex a 3y ProSupport Adv Ex N_MONL4_AE3_PA3,Extensión de Garantía Dell 3y Adv Ex a 3y ProSupport Adv Ex N_MONL4_AE3_PA3. Clave Oficial CT: EXTDLL9820. Marca: CT.,EQUIPOS DE MARCA,equipos_de_marca,CT,810.64,15807.45,25291.91,25291.91,21340.05,21340.05,19759.31,18968.94,https://static.ctonline.mx/imagenes/EXTDLL9820/EXTDLL9820_400.jpg,assets/img/catalog/EXTDLL9820.jpg
EXTDLL7510,Extensión de Garantía Dell 3y Adv Ex a 3y ProSupport Adv Ex N_MONL3_AE3_PA3,Extensión de Garantía Dell 3y Adv Ex a 3y ProSupport Adv Ex N_MONL3_AE3_PA3. Clave Oficial CT: EXTDLL7510. Marca: CT.,EQUIPOS DE MARCA,equipos_de_marca,CT,5863.83,114344.68,182951.49,182951.49,154365.32,154365.32,142930.85,137213.62,https://static.ctonline.mx/imagenes/EXTDLL7510/EXTDLL7510_400.jpg,assets/img/catalog/EXTDLL7510.jpg
EXTDLL7140,Extensión de Garantía Dell  1Y Carry In a 3Y Carry In N_INSPNBL4_C1_C3,Extensión de Garantía Dell  1Y Carry In a 3Y Carry In N_INSPNBL4_C1_C3. Clave Oficial CT: EXTDLL7140. Marca: CT.,EQUIPOS DE MARCA,equipos_de_marca,CT,1671.28,32589.89,52143.83,52143.83,43996.36,43996.36,40737.37,39107.87,https://static.ctonline.mx/imagenes/EXTDLL7140/EXTDLL7140_400.jpg,assets/img/catalog/EXTDLL7140.jpg
EXTDLL9230,Extensión de Garantía Dell  1Y Carry In a 3Y Premium Support N_ANWNBM3_C1_R3,Extensión de Garantía Dell  1Y Carry In a 3Y Premium Support N_ANWNBM3_C1_R3. Clave Oficial CT: EXTDLL9230. Marca: CT.,EQUIPOS DE MARCA,equipos_de_marca,CT,5541.49,108059.04,172894.47,172894.47,145879.71,145879.71,135073.8,129670.85,https://static.ctonline.mx/imagenes/EXTDLL9230/EXTDLL9230_400.jpg,assets/img/catalog/EXTDLL9230.jpg
EXTDLL8930,Extensión de Garantía Dell  1Y Next Bus Day a Dell 3y ProSupport N_INSPNBL1_N1_P3,Extensión de Garantía Dell  1Y Next Bus Day a Dell 3y ProSupport N_INSPNBL1_N1_P3. Clave Oficial CT: EXTDLL8930. Marca: CT.,EQUIPOS DE MARCA,equipos_de_marca,CT,2236.17,43605.32,69768.51,69768.51,58867.18,58867.18,54506.65,52326.38,https://static.ctonline.mx/imagenes/EXTDLL8930/EXTDLL8930_400.jpg,assets/img/catalog/EXTDLL8930.jpg
EXTDLL7190,Extensión de Garantía Dell  1Y Next Bus Day a de 3Y Next Bus Day N_LATL2_N1_N3,Extensión de Garantía Dell  1Y Next Bus Day a de 3Y Next Bus Day N_LATL2_N1_N3. Clave Oficial CT: EXTDLL7190. Marca: CT.,EQUIPOS DE MARCA,equipos_de_marca,CT,1276.6,24893.62,39829.79,39829.79,33606.38,33606.38,31117.02,29872.34,https://static.ctonline.mx/imagenes/EXTDLL7190/EXTDLL7190_400.jpg,assets/img/catalog/EXTDLL7190.jpg
EXTDLL7110,Extensión de Garantía Dell  1Y Carry In a 3Y Premium Support N_INSPNBL1_C1_R3,Extensión de Garantía Dell  1Y Carry In a 3Y Premium Support N_INSPNBL1_C1_R3. Clave Oficial CT: EXTDLL7110. Marca: CT.,EQUIPOS DE MARCA,equipos_de_marca,CT,2674.47,52152.13,83443.4,83443.4,70405.37,70405.37,65190.16,62582.55,https://static.ctonline.mx/imagenes/EXTDLL7110/EXTDLL7110_400.jpg,assets/img/catalog/EXTDLL7110.jpg
EXTDLL7240,Extensión de Garantía Dell 3y ProSupport a 3y ProSupport Plus N_LATL4_P3_M3,Extensión de Garantía Dell 3y ProSupport a 3y ProSupport Plus N_LATL4_P3_M3. Clave Oficial CT: EXTDLL7240. Marca: CT.,EQUIPOS DE MARCA,equipos_de_marca,CT,2272.34,44310.64,70897.02,70897.02,59819.36,59819.36,55388.3,53172.77,https://static.ctonline.mx/imagenes/EXTDLL7240/EXTDLL7240_400.jpg,assets/img/catalog/EXTDLL7240.jpg
EXTDLL7150,Extensión de Garantía Dell  1Y Carry In a 3Y Premium Support N_INSPNBL4_C1_R3,Extensión de Garantía Dell  1Y Carry In a 3Y Premium Support N_INSPNBL4_C1_R3. Clave Oficial CT: EXTDLL7150. Marca: CT.,EQUIPOS DE MARCA,equipos_de_marca,CT,2674.47,52152.13,83443.4,83443.4,70405.37,70405.37,65190.16,62582.55,https://static.ctonline.mx/imagenes/EXTDLL7150/EXTDLL7150_400.jpg,assets/img/catalog/EXTDLL7150.jpg
EXTDLL8690,Extensión de Garantía Dell 1y Premium Support a 3Y Premium Support N_XPSNBM2_R1_R3,Extensión de Garantía Dell 1y Premium Support a 3Y Premium Support N_XPSNBM2_R1_R3. Clave Oficial CT: EXTDLL8690. Marca: CT.,EQUIPOS DE MARCA,equipos_de_marca,CT,6586.17,128430.32,205488.51,205488.51,173380.93,173380.93,160537.9,154116.38,https://static.ctonline.mx/imagenes/EXTDLL8690/EXTDLL8690_400.jpg,assets/img/catalog/EXTDLL8690.jpg
EXTDLL7220,Extensión de Garantía Dell de 3Y Next Bus Day a 3y ProSupport N_LATL3_N3_P3,Extensión de Garantía Dell de 3Y Next Bus Day a 3y ProSupport N_LATL3_N3_P3. Clave Oficial CT: EXTDLL7220. Marca: CT.,EQUIPOS DE MARCA,equipos_de_marca,CT,1530.85,29851.6,47762.55,47762.55,40299.65,40299.65,37314.49,35821.91,https://static.ctonline.mx/imagenes/EXTDLL7220/EXTDLL7220_400.jpg,assets/img/catalog/EXTDLL7220.jpg
EXTDLL9790,Extensión de Garantía Dell 3y ProSupport a 5Y ProSupport N_S4112F_P3_P5,Extensión de Garantía Dell 3y ProSupport a 5Y ProSupport N_S4112F_P3_P5. Clave Oficial CT: EXTDLL9790. Marca: CT.,EQUIPOS DE MARCA,equipos_de_marca,CT,5496.81,107187.77,171500.43,171500.43,144703.48,144703.48,133984.71,128625.32,https://static.ctonline.mx/imagenes/EXTDLL9790/EXTDLL9790_400.jpg,assets/img/catalog/EXTDLL9790.jpg
EXTDLL9760,Extensión de Garantía Dell 3y ProSupport a 5Y ProSupport N_S4128F_P3_P5,Extensión de Garantía Dell 3y ProSupport a 5Y ProSupport N_S4128F_P3_P5. Clave Oficial CT: EXTDLL9760. Marca: CT.,EQUIPOS DE MARCA,equipos_de_marca,CT,6447.87,125733.51,201173.62,201173.62,169740.24,169740.24,157166.89,150880.21,https://static.ctonline.mx/imagenes/EXTDLL9760/EXTDLL9760_400.jpg,assets/img/catalog/EXTDLL9760.jpg
EXTDLL9730,Extensión de Garantía Dell 3y ProSupport a 5Y ProSupport N_S4148FE_P3_P5,Extensión de Garantía Dell 3y ProSupport a 5Y ProSupport N_S4148FE_P3_P5. Clave Oficial CT: EXTDLL9730. Marca: CT.,EQUIPOS DE MARCA,equipos_de_marca,CT,9205.32,179503.72,287205.96,287205.96,242330.03,242330.03,224379.65,215404.47,https://static.ctonline.mx/imagenes/EXTDLL9730/EXTDLL9730_400.jpg,assets/img/catalog/EXTDLL9730.jpg
EXTDLL9700,Extensión de Garantía Dell 3y ProSupport a 5Y ProSupport Plus MC N_PET13A_P3_M45,Extensión de Garantía Dell 3y ProSupport a 5Y ProSupport Plus MC N_PET13A_P3_M45. Clave Oficial CT: EXTDLL9700. Marca: CT.,EQUIPOS DE MARCA,equipos_de_marca,CT,76532.98,1492393.09,2387828.94,2387828.94,2014730.66,2014730.66,1865491.36,1790871.7,https://static.ctonline.mx/imagenes/EXTDLL9700/EXTDLL9700_400.jpg,assets/img/catalog/EXTDLL9700.jpg
EXTDLL9560,Extensión de Garantía Dell 3y ProSupport a 5Y ProSupport N_PET6A_P3_P5,Extensión de Garantía Dell 3y ProSupport a 5Y ProSupport N_PET6A_P3_P5. Clave Oficial CT: EXTDLL9560. Marca: CT.,EQUIPOS DE MARCA,equipos_de_marca,CT,7503.19,146312.23,234099.57,234099.57,197521.52,197521.52,182890.29,175574.68,https://static.ctonline.mx/imagenes/EXTDLL9560/EXTDLL9560_400.jpg,assets/img/catalog/EXTDLL9560.jpg
EXTDLL9650,Extensión de Garantía Dell 3y ProSupport a 5Y ProSupport Plus MC N_PET10A_P3_M45,Extensión de Garantía Dell 3y ProSupport a 5Y ProSupport Plus MC N_PET10A_P3_M45. Clave Oficial CT: EXTDLL9650. Marca: CT.,EQUIPOS DE MARCA,equipos_de_marca,CT,60782.98,1185268.09,1896428.94,1896428.94,1600111.91,1600111.91,1481585.11,1422321.7,https://static.ctonline.mx/imagenes/EXTDLL9650/EXTDLL9650_400.jpg,assets/img/catalog/EXTDLL9650.jpg
EXTDLL7250,Extensión de Garantía Dell de 3Y Next Bus Day a 3y ProSupport Plus N_OPTL1_N3_M3,Extensión de Garantía Dell de 3Y Next Bus Day a 3y ProSupport Plus N_OPTL1_N3_M3. Clave Oficial CT: EXTDLL7250. Marca: CT.,EQUIPOS DE MARCA,equipos_de_marca,CT,1912.41,37292.09,59667.34,59667.34,50344.32,50344.32,46615.11,44750.51,https://static.ctonline.mx/imagenes/EXTDLL7250/EXTDLL7250_400.jpg,assets/img/catalog/EXTDLL7250.jpg
EXTDLL7400,Extensión de Garantía Dell 3y ProSupport a 5Y ProSupport N_OPTL3_P3_P5,Extensión de Garantía Dell 3y ProSupport a 5Y ProSupport N_OPTL3_P3_P5. Clave Oficial CT: EXTDLL7400. Marca: CT.,EQUIPOS DE MARCA,equipos_de_marca,CT,4064.89,79265.43,126824.68,126824.68,107008.32,107008.32,99081.78,95118.51,https://static.ctonline.mx/imagenes/EXTDLL7400/EXTDLL7400_400.jpg,assets/img/catalog/EXTDLL7400.jpg
EXTDLL9580,Extensión de Garantía Dell de 3Y Next Bus Day a 3y ProSupport Plus N_OPTM1_N3_M3,Extensión de Garantía Dell de 3Y Next Bus Day a 3y ProSupport Plus N_OPTM1_N3_M3. Clave Oficial CT: EXTDLL9580. Marca: CT.,EQUIPOS DE MARCA,equipos_de_marca,CT,1892.55,36904.79,59047.66,59047.66,49821.46,49821.46,46130.98,44285.74,https://static.ctonline.mx/imagenes/EXTDLL9580/EXTDLL9580_400.jpg,assets/img/catalog/EXTDLL9580.jpg
EXTDLL8420,Extensión de Garantía Dell de 3Y Next Bus Day a 3y ProSupport Plus N_OPTL3_N3_M3,Extensión de Garantía Dell de 3Y Next Bus Day a 3y ProSupport Plus N_OPTL3_N3_M3. Clave Oficial CT: EXTDLL8420. Marca: CT.,EQUIPOS DE MARCA,equipos_de_marca,CT,2015.96,39311.17,62897.87,62897.87,53070.08,53070.08,49138.96,47173.4,https://static.ctonline.mx/imagenes/EXTDLL8420/EXTDLL8420_400.jpg,assets/img/catalog/EXTDLL8420.jpg
EXTDLL9640,Extensión de Garantía Dell  1Y Next Bus Day a 3y ProSupport Plus N_INSPDTM1_N1_M3,Extensión de Garantía Dell  1Y Next Bus Day a 3y ProSupport Plus N_INSPDTM1_N1_M3. Clave Oficial CT: EXTDLL9640. Marca: CT.,EQUIPOS DE MARCA,equipos_de_marca,CT,4451.06,86795.74,138873.19,138873.19,117174.26,117174.26,108494.68,104154.89,https://static.ctonline.mx/imagenes/EXTDLL9640/EXTDLL9640_400.jpg,assets/img/catalog/EXTDLL9640.jpg
EXTDLL9600,Extensión de Garantía Dell  1Y Carry In a 3Y Premium Support Plus N_ANWDTM1_C1_U3,Extensión de Garantía Dell  1Y Carry In a 3Y Premium Support Plus N_ANWDTM1_C1_U3. Clave Oficial CT: EXTDLL9600. Marca: CT.,EQUIPOS DE MARCA,equipos_de_marca,CT,6884.04,134238.83,214782.13,214782.13,181222.42,181222.42,167798.54,161086.6,https://static.ctonline.mx/imagenes/EXTDLL9600/EXTDLL9600_400.jpg,assets/img/catalog/EXTDLL9600.jpg
EXTDLL9850,Extensión de Garantía Dell 3y Adv Ex a 5Y ProSupport Adv Ex N_MONL1_AE3_PA5,Extensión de Garantía Dell 3y Adv Ex a 5Y ProSupport Adv Ex N_MONL1_AE3_PA5. Clave Oficial CT: EXTDLL9850. Marca: CT.,EQUIPOS DE MARCA,equipos_de_marca,CT,1142.55,22279.79,35647.66,35647.66,30077.71,30077.71,27849.73,26735.74,https://static.ctonline.mx/imagenes/EXTDLL9850/EXTDLL9850_400.jpg,assets/img/catalog/EXTDLL9850.jpg
EXTDLL7560,Extensión de Garantía Dell 3y Adv Ex a 5Y ProSupport Adv Ex N_MONL2_AE3_PA5,Extensión de Garantía Dell 3y Adv Ex a 5Y ProSupport Adv Ex N_MONL2_AE3_PA5. Clave Oficial CT: EXTDLL7560. Marca: CT.,EQUIPOS DE MARCA,equipos_de_marca,CT,1142.55,22279.79,35647.66,35647.66,30077.71,30077.71,27849.73,26735.74,https://static.ctonline.mx/imagenes/EXTDLL7560/EXTDLL7560_400.jpg,assets/img/catalog/EXTDLL7560.jpg
EXTDLL9830,Extensión de Garantía Dell 3y Adv Ex a 5Y ProSupport Adv Ex N_MONL4_AE3_PA5,Extensión de Garantía Dell 3y Adv Ex a 5Y ProSupport Adv Ex N_MONL4_AE3_PA5. Clave Oficial CT: EXTDLL9830. Marca: CT.,EQUIPOS DE MARCA,equipos_de_marca,CT,2328.72,45410.11,72656.17,72656.17,61303.64,61303.64,56762.63,54492.13,https://static.ctonline.mx/imagenes/EXTDLL9830/EXTDLL9830_400.jpg,assets/img/catalog/EXTDLL9830.jpg
EXTDLL8730,Extensión de Garantía Dell 3y Adv Ex a 5Y ProSupport Adv Ex N_MONL3_AE3_PA5,Extensión de Garantía Dell 3y Adv Ex a 5Y ProSupport Adv Ex N_MONL3_AE3_PA5. Clave Oficial CT: EXTDLL8730. Marca: CT.,EQUIPOS DE MARCA,equipos_de_marca,CT,1658.51,32340.96,51745.53,51745.53,43660.29,43660.29,40426.2,38809.15,https://static.ctonline.mx/imagenes/EXTDLL8730/EXTDLL8730_400.jpg,assets/img/catalog/EXTDLL8730.jpg
EXTDLL7480,Extensión de Garantía Dell  1Y Carry In a 3Y Premium Support Plus N_INSPNBL4_C1_U3,Extensión de Garantía Dell  1Y Carry In a 3Y Premium Support Plus N_INSPNBL4_C1_U3. Clave Oficial CT: EXTDLL7480. Marca: CT.,EQUIPOS DE MARCA,equipos_de_marca,CT,4412.77,86048.94,137678.3,137678.3,116166.06,116166.06,107561.17,103258.72,https://static.ctonline.mx/imagenes/EXTDLL7480/EXTDLL7480_400.jpg,assets/img/catalog/EXTDLL7480.jpg
EXTDLL8960,Extensión de Garantía Dell  1Y Carry In a 3Y Premium Support Plus N_ANWNBM3_C1_U3,Extensión de Garantía Dell  1Y Carry In a 3Y Premium Support Plus N_ANWNBM3_C1_U3. Clave Oficial CT: EXTDLL8960. Marca: CT.,EQUIPOS DE MARCA,equipos_de_marca,CT,9473.4,184731.38,295570.21,295570.21,249387.37,249387.37,230914.23,221677.66,https://static.ctonline.mx/imagenes/EXTDLL8960/EXTDLL8960_400.jpg,assets/img/catalog/EXTDLL8960.jpg
EXTDLL8980,Extensión de Garantía Dell  1Y Next Bus Day a 3y ProSupport Plus N_INSPNBL1_N1_M3,Extensión de Garantía Dell  1Y Next Bus Day a 3y ProSupport Plus N_INSPNBL1_N1_M3. Clave Oficial CT: EXTDLL8980. Marca: CT.,EQUIPOS DE MARCA,equipos_de_marca,CT,3887.23,75801.06,121281.7,121281.7,102331.44,102331.44,94751.33,90961.28,https://static.ctonline.mx/imagenes/EXTDLL8980/EXTDLL8980_400.jpg,assets/img/catalog/EXTDLL8980.jpg
EXTDLL7200,Extensión de Garantía Dell  1Y Next Bus Day a 3y ProSupport N_LATL2_N1_P3,Extensión de Garantía Dell  1Y Next Bus Day a 3y ProSupport N_LATL2_N1_P3. Clave Oficial CT: EXTDLL7200. Marca: CT.,EQUIPOS DE MARCA,equipos_de_marca,CT,2512.77,48998.94,78398.3,78398.3,66148.56,66148.56,61248.67,58798.72,https://static.ctonline.mx/imagenes/EXTDLL7200/EXTDLL7200_400.jpg,assets/img/catalog/EXTDLL7200.jpg
EXTDLL7100,Extensión de Garantía Dell  1Y Carry In a 3Y Carry In N_INSPNBL1_C1_C3,Extensión de Garantía Dell  1Y Carry In a 3Y Carry In N_INSPNBL1_C1_C3. Clave Oficial CT: EXTDLL7100. Marca: CT.,EQUIPOS DE MARCA,equipos_de_marca,CT,1671.28,32589.89,52143.83,52143.83,43996.36,43996.36,40737.37,39107.87,https://static.ctonline.mx/imagenes/EXTDLL7100/EXTDLL7100_400.jpg,assets/img/catalog/EXTDLL7100.jpg
EXTDLL7840,Extensión de Garantía Dell 3y ProSupport a 5Y ProSupport N_LATL4_P3_P5,Extensión de Garantía Dell 3y ProSupport a 5Y ProSupport N_LATL4_P3_P5. Clave Oficial CT: EXTDLL7840. Marca: CT.,EQUIPOS DE MARCA,equipos_de_marca,CT,5688.81,110931.77,177490.83,177490.83,149757.88,149757.88,138664.71,133118.12,https://static.ctonline.mx/imagenes/EXTDLL7840/EXTDLL7840_400.jpg,assets/img/catalog/EXTDLL7840.jpg
EXTDLL9860,Extensión de Garantía Dell 1y Premium Support a 3Y Premium Support Plus N_XPSNBM2_R1_U3,Extensión de Garantía Dell 1y Premium Support a 3Y Premium Support Plus N_XPSNBM2_R1_U3. Clave Oficial CT: EXTDLL9860. Marca: CT.,EQUIPOS DE MARCA,equipos_de_marca,CT,10726.6,209168.62,334669.79,334669.79,282377.63,282377.63,261460.77,251002.34,https://static.ctonline.mx/imagenes/EXTDLL9860/EXTDLL9860_400.jpg,assets/img/catalog/EXTDLL9860.jpg
EXTDLL7170,Extensión de Garantía Dell de 3Y Next Bus Day a 3y ProSupport Plus N_L5XL3_N3_M3,Extensión de Garantía Dell de 3Y Next Bus Day a 3y ProSupport Plus N_L5XL3_N3_M3. Clave Oficial CT: EXTDLL7170. Marca: CT.,EQUIPOS DE MARCA,equipos_de_marca,CT,3759.57,73311.7,117298.72,117298.72,98970.8,98970.8,91639.63,87974.04,https://static.ctonline.mx/imagenes/EXTDLL7170/EXTDLL7170_400.jpg,assets/img/catalog/EXTDLL7170.jpg
EXTDLL9800,Extensión de Garantía Dell 3y ProSupport a 5Y ProSupport Plus N_S4112F_P3_M5,Extensión de Garantía Dell 3y ProSupport a 5Y ProSupport Plus N_S4112F_P3_M5. Clave Oficial CT: EXTDLL9800. Marca: CT.,EQUIPOS DE MARCA,equipos_de_marca,CT,18410.64,359007.45,574411.91,574411.91,484660.05,484660.05,448759.31,430808.94,https://static.ctonline.mx/imagenes/EXTDLL9800/EXTDLL9800_400.jpg,assets/img/catalog/EXTDLL9800.jpg
EXTDLL9770,Extensión de Garantía Dell 3y ProSupport a 5Y ProSupport Plus N_S4128F_P3_M5,Extensión de Garantía Dell 3y ProSupport a 5Y ProSupport Plus N_S4128F_P3_M5. Clave Oficial CT: EXTDLL9770. Marca: CT.,EQUIPOS DE MARCA,equipos_de_marca,CT,22073.4,430431.38,688690.21,688690.21,581082.37,581082.37,538039.23,516517.66,https://static.ctonline.mx/imagenes/EXTDLL9770/EXTDLL9770_400.jpg,assets/img/catalog/EXTDLL9770.jpg
EXTDLL9740,Extensión de Garantía Dell 3y ProSupport a 5Y ProSupport Plus N_S4148FE_P3_M5,Extensión de Garantía Dell 3y ProSupport a 5Y ProSupport Plus N_S4148FE_P3_M5. Clave Oficial CT: EXTDLL9740. Marca: CT.,EQUIPOS DE MARCA,equipos_de_marca,CT,30843.62,601450.53,962320.85,962320.85,811958.22,811958.22,751813.16,721740.64,https://static.ctonline.mx/imagenes/EXTDLL9740/EXTDLL9740_400.jpg,assets/img/catalog/EXTDLL9740.jpg
EXTDLL9710,Extensión de Garantía Dell 3y ProSupport a 5Y ProSupport N_PET13A_P3_P5,Extensión de Garantía Dell 3y ProSupport a 5Y ProSupport N_PET13A_P3_P5. Clave Oficial CT: EXTDLL9710. Marca: CT.,EQUIPOS DE MARCA,equipos_de_marca,CT,15760.64,307332.45,491731.91,491731.91,414898.8,414898.8,384165.56,368798.94,https://static.ctonline.mx/imagenes/EXTDLL9710/EXTDLL9710_400.jpg,assets/img/catalog/EXTDLL9710.jpg
EXTDLL9690,Extensión de Garantía Dell 3y ProSupport a 5Y ProSupport 4H N_PET6A_P3_P4H5,Extensión de Garantía Dell 3y ProSupport a 5Y ProSupport 4H N_PET6A_P3_P4H5. Clave Oficial CT: EXTDLL9690. Marca: CT.,EQUIPOS DE MARCA,equipos_de_marca,CT,13123.01,255898.71,409437.93,409437.93,345463.26,345463.26,319873.38,307078.45,https://static.ctonline.mx/imagenes/EXTDLL9690/EXTDLL9690_400.jpg,assets/img/catalog/EXTDLL9690.jpg
EXTDLL9660,Extensión de Garantía Dell 3y ProSupport a 5Y ProSupport N_PET10A_P3_P5,Extensión de Garantía Dell 3y ProSupport a 5Y ProSupport N_PET10A_P3_P5. Clave Oficial CT: EXTDLL9660. Marca: CT.,EQUIPOS DE MARCA,equipos_de_marca,CT,12518.09,244102.66,390564.26,390564.26,329538.59,329538.59,305128.32,292923.19,https://static.ctonline.mx/imagenes/EXTDLL9660/EXTDLL9660_400.jpg,assets/img/catalog/EXTDLL9660.jpg
EXTDLL7470,Extensión de Garantía Dell de 3Y Next Bus Day a 5Y ProSupport N_OPTL1_N3_P5,Extensión de Garantía Dell de 3Y Next Bus Day a 5Y ProSupport N_OPTL1_N3_P5. Clave Oficial CT: EXTDLL7470. Marca: CT.,EQUIPOS DE MARCA,equipos_de_marca,CT,3407.9,66454.13,106326.61,106326.61,89713.08,89713.08,83067.67,79744.96,https://static.ctonline.mx/imagenes/EXTDLL7470/EXTDLL7470_400.jpg,assets/img/catalog/EXTDLL7470.jpg
EXTDLL9610,Extensión de Garantía Dell  1Y Carry In a 3Y Premium Support Plus N_INSPDTM1_C1_U3,Extensión de Garantía Dell  1Y Carry In a 3Y Premium Support Plus N_INSPDTM1_C1_U3. Clave Oficial CT: EXTDLL9610. Marca: CT.,EQUIPOS DE MARCA,equipos_de_marca,CT,5132.98,100093.09,160148.94,160148.94,135125.66,135125.66,125116.36,120111.7,https://static.ctonline.mx/imagenes/EXTDLL9610/EXTDLL9610_400.jpg,assets/img/catalog/EXTDLL9610.jpg
EXTDLL9630,Extensión de Garantía Dell 3y ProSupport a 5Y ProSupport Plus N_OPTL3_P3_M5,Extensión de Garantía Dell 3y ProSupport a 5Y ProSupport Plus N_OPTL3_P3_M5. Clave Oficial CT: EXTDLL9630. Marca: CT.,EQUIPOS DE MARCA,equipos_de_marca,CT,5286.17,103080.32,164928.51,164928.51,139158.43,139158.43,128850.4,123696.38,https://static.ctonline.mx/imagenes/EXTDLL9630/EXTDLL9630_400.jpg,assets/img/catalog/EXTDLL9630.jpg
EXTDLL9590,Extensión de Garantía Dell de 3Y Next Bus Day a 5Y Next Bus Day N_OPTM1_N3_N5,Extensión de Garantía Dell de 3Y Next Bus Day a 5Y Next Bus Day N_OPTM1_N3_N5. Clave Oficial CT: EXTDLL9590. Marca: CT.,EQUIPOS DE MARCA,equipos_de_marca,CT,1474.47,28752.13,46003.4,46003.4,38815.37,38815.37,35940.16,34502.55,https://static.ctonline.mx/imagenes/EXTDLL9590/EXTDLL9590_400.jpg,assets/img/catalog/EXTDLL9590.jpg
EXTDLL7390,Extensión de Garantía Dell de 3Y Next Bus Day a 5Y Next Bus Day N_OPTL1_N3_N5,Extensión de Garantía Dell de 3Y Next Bus Day a 5Y Next Bus Day N_OPTL1_N3_N5. Clave Oficial CT: EXTDLL7390. Marca: CT.,EQUIPOS DE MARCA,equipos_de_marca,CT,1457.55,28422.29,45475.66,45475.66,38370.09,38370.09,35527.86,34106.74,https://static.ctonline.mx/imagenes/EXTDLL7390/EXTDLL7390_400.jpg,assets/img/catalog/EXTDLL7390.jpg
EXTDLL8040,Extensión de Garantía Dell de 3Y Next Bus Day a 5Y Next Bus Day N_OPTL3_N3_N5,Extensión de Garantía Dell de 3Y Next Bus Day a 5Y Next Bus Day N_OPTL3_N3_N5. Clave Oficial CT: EXTDLL8040. Marca: CT.,EQUIPOS DE MARCA,equipos_de_marca,CT,7221.28,140814.89,225303.83,225303.83,190100.11,190100.11,176018.62,168977.87,https://static.ctonline.mx/imagenes/EXTDLL8040/EXTDLL8040_400.jpg,assets/img/catalog/EXTDLL8040.jpg
EXTDLL7180,Extensión de Garantía Dell  1Y Next Bus Day a 3y ProSupport Plus N_LATL2_N1_M3,Extensión de Garantía Dell  1Y Next Bus Day a 3y ProSupport Plus N_LATL2_N1_M3. Clave Oficial CT: EXTDLL7180. Marca: CT.,EQUIPOS DE MARCA,equipos_de_marca,CT,4678.72,91235.11,145976.17,145976.17,123167.39,123167.39,114043.88,109482.13,https://static.ctonline.mx/imagenes/EXTDLL7180/EXTDLL7180_400.jpg,assets/img/catalog/EXTDLL7180.jpg
EXTDLL8990,Extensión de Garantía Dell  1Y Carry In a 3Y Premium Support Plus N_INSPNBL1_C1_U3,Extensión de Garantía Dell  1Y Carry In a 3Y Premium Support Plus N_INSPNBL1_C1_U3. Clave Oficial CT: EXTDLL8990. Marca: CT.,EQUIPOS DE MARCA,equipos_de_marca,CT,4315.96,84161.17,134657.87,134657.87,113617.58,113617.58,105201.46,100993.4,https://static.ctonline.mx/imagenes/EXTDLL8990/EXTDLL8990_400.jpg,assets/img/catalog/EXTDLL8990.jpg
EXTDLL7500,Extensión de Garantía Dell de 3Y Next Bus Day a 5Y ProSupport N_LATL3_N3_P5,Extensión de Garantía Dell de 3Y Next Bus Day a 5Y ProSupport N_LATL3_N3_P5. Clave Oficial CT: EXTDLL7500. Marca: CT.,EQUIPOS DE MARCA,equipos_de_marca,CT,4985.11,97209.57,155535.32,155535.32,131232.93,131232.93,121511.97,116651.49,https://static.ctonline.mx/imagenes/EXTDLL7500/EXTDLL7500_400.jpg,assets/img/catalog/EXTDLL7500.jpg
EXTDLL9810,Extensión de Garantía Dell 3y ProSupport a 5Y ProSupport 4H N_S4112F_P3_P4H5,Extensión de Garantía Dell 3y ProSupport a 5Y ProSupport 4H N_S4112F_P3_P4H5. Clave Oficial CT: EXTDLL9810. Marca: CT.,EQUIPOS DE MARCA,equipos_de_marca,CT,17104.26,333532.98,533652.77,533652.77,450269.52,450269.52,416916.22,400239.57,https://static.ctonline.mx/imagenes/EXTDLL9810/EXTDLL9810_400.jpg,assets/img/catalog/EXTDLL9810.jpg
EXTDLL9780,Extensión de Garantía Dell 3y ProSupport a 5Y ProSupport 4H N_S4128F_P3_P4H5,Extensión de Garantía Dell 3y ProSupport a 5Y ProSupport 4H N_S4128F_P3_P4H5. Clave Oficial CT: EXTDLL9780. Marca: CT.,EQUIPOS DE MARCA,equipos_de_marca,CT,20968.09,408877.66,654204.26,654204.26,551984.84,551984.84,511097.07,490653.19,https://static.ctonline.mx/imagenes/EXTDLL9780/EXTDLL9780_400.jpg,assets/img/catalog/EXTDLL9780.jpg
EXTDLL9750,Extensión de Garantía Dell 3y ProSupport a 5Y ProSupport 4H N_S4148FE_P3_P4H5,Extensión de Garantía Dell 3y ProSupport a 5Y ProSupport 4H N_S4148FE_P3_P4H5. Clave Oficial CT: EXTDLL9750. Marca: CT.,EQUIPOS DE MARCA,equipos_de_marca,CT,29297.87,571308.51,914093.62,914093.62,771266.49,771266.49,714135.64,685570.21,https://static.ctonline.mx/imagenes/EXTDLL9750/EXTDLL9750_400.jpg,assets/img/catalog/EXTDLL9750.jpg
EXTDLL9720,Extensión de Garantía Dell 3y ProSupport a 5Y ProSupport 4H N_PET13A_P3_P4H5,Extensión de Garantía Dell 3y ProSupport a 5Y ProSupport 4H N_PET13A_P3_P4H5. Clave Oficial CT: EXTDLL9720. Marca: CT.,EQUIPOS DE MARCA,equipos_de_marca,CT,40280.85,785476.6,1256762.55,1256762.55,1060393.4,1060393.4,981845.74,942571.91,https://static.ctonline.mx/imagenes/EXTDLL9720/EXTDLL9720_400.jpg,assets/img/catalog/EXTDLL9720.jpg
EXTDLL9670,Extensión de Garantía Dell 3y ProSupport a 5Y ProSupport 4H N_PET10A_P3_P4H5,Extensión de Garantía Dell 3y ProSupport a 5Y ProSupport 4H N_PET10A_P3_P4H5. Clave Oficial CT: EXTDLL9670. Marca: CT.,EQUIPOS DE MARCA,equipos_de_marca,CT,31294.68,610246.28,976394.04,976394.04,823832.47,823832.47,762807.85,732295.53,https://static.ctonline.mx/imagenes/EXTDLL9670/EXTDLL9670_400.jpg,assets/img/catalog/EXTDLL9670.jpg
SOFHPE790,Licencia de núcleos adicionales (P77106-B21) para el sistema operativo Microsoft Windows Server 2025 Standard 2-núcleos Worldwide Software. No es un sistema operativo.,Licencia de núcleos adicionales (P77106-B21) para el sistema operativo Microsoft Windows Server 2025 Standard 2-núcleos Worldwide Software. No es un sistema operativo.. Clave Oficial CT: SOFHPE790. Marca: CT.,EQUIPOS DE MARCA,equipos_de_marca,CT,140.21,2734.11,4374.57,4374.57,3691.04,3691.04,3417.63,3280.93,https://static.ctonline.mx/imagenes/SOFHPE790/SOFHPE790_400.jpg,assets/img/catalog/SOFHPE790.jpg
SOFHPE800,Licencia de núcleos adicionales (P77105-B21) para el sistema operativo Microsoft Windows Server 2025 Standard 4-núcleos Worldwide Software. NO es un sistema operativo.,Licencia de núcleos adicionales (P77105-B21) para el sistema operativo Microsoft Windows Server 2025 Standard 4-núcleos Worldwide Software. NO es un sistema operativo.. Clave Oficial CT: SOFHPE800. Marca: CT.,EQUIPOS DE MARCA,equipos_de_marca,CT,272.63,5316.32,8506.11,8506.11,7177.03,7177.03,6645.39,6379.58,https://static.ctonline.mx/imagenes/SOFHPE800/SOFHPE800_400.jpg,assets/img/catalog/SOFHPE800.jpg
SOFHPE810,Licencia de núcleos adicionales (P77104-B21) para el sistema operativo Microsoft Windows Server 2025 Standard 16-núcleos Worldwide Software. NO es un sistema operativo.,Licencia de núcleos adicionales (P77104-B21) para el sistema operativo Microsoft Windows Server 2025 Standard 16-núcleos Worldwide Software. NO es un sistema operativo.. Clave Oficial CT: SOFHPE810. Marca: CT.,EQUIPOS DE MARCA,equipos_de_marca,CT,1074.95,20961.47,33538.36,33538.36,28297.99,28297.99,26201.84,25153.77,https://static.ctonline.mx/imagenes/SOFHPE810/SOFHPE810_400.jpg,assets/img/catalog/SOFHPE810.jpg
SOFHPE820,CAL(Client Access Licenses) para Microsoft Windows Server 2025 (P77110-B21) 1 Usuario Worldwide LTU (License-To-Use). NO es un sistema operativo.,CAL(Client Access Licenses) para Microsoft Windows Server 2025 (P77110-B21) 1 Usuario Worldwide LTU (License-To-Use). NO es un sistema operativo.. Clave Oficial CT: SOFHPE820. Marca: CT.,EQUIPOS DE MARCA,equipos_de_marca,CT,62.32,1215.16,1944.25,1944.25,1640.46,1640.46,1518.95,1458.19,https://static.ctonline.mx/imagenes/SOFHPE820/SOFHPE820_400.jpg,assets/img/catalog/SOFHPE820.jpg
SOFHPE830,CAL(Client Access Licenses) para Microsoft Windows Server 2025 (P77118-B21) 1 Usuario RDS/ Servicio de escritorio remoto Worldwide LTU (License-To-Use). NO es un sistema operativo.,CAL(Client Access Licenses) para Microsoft Windows Server 2025 (P77118-B21) 1 Usuario RDS/ Servicio de escritorio remoto Worldwide LTU (License-To-Use). NO es un sistema operativo.. Clave Oficial CT: SOFHPE830. Marca: CT.,EQUIPOS DE MARCA,equipos_de_marca,CT,241.47,4708.74,7533.98,7533.98,6356.79,6356.79,5885.92,5650.48,https://static.ctonline.mx/imagenes/SOFHPE830/SOFHPE830_400.jpg,assets/img/catalog/SOFHPE830.jpg
SOFHPE840,CAL(Client Access Licenses) para Microsoft Windows Server 2025 (P77112-B21) 5 Usuarios Worldwide LTU (License-To-Use). NO es un sistema operativo.,CAL(Client Access Licenses) para Microsoft Windows Server 2025 (P77112-B21) 5 Usuarios Worldwide LTU (License-To-Use). NO es un sistema operativo.. Clave Oficial CT: SOFHPE840. Marca: CT.,EQUIPOS DE MARCA,equipos_de_marca,CT,276.53,5392.26,8627.62,8627.62,7279.56,7279.56,6740.33,6470.72,https://static.ctonline.mx/imagenes/SOFHPE840/SOFHPE840_400.jpg,assets/img/catalog/SOFHPE840.jpg
SOFHPE850,CAL(Client Access Licenses) para Microsoft Windows Server 2025 (P77120-B21) 5 Usuarios RDS/ Servicio de escritorio remoto Worldwide LTU (License-To-Use). NO es un sistema operativo.,CAL(Client Access Licenses) para Microsoft Windows Server 2025 (P77120-B21) 5 Usuarios RDS/ Servicio de escritorio remoto Worldwide LTU (License-To-Use). NO es un sistema operativo.. Clave Oficial CT: SOFHPE850. Marca: CT.,EQUIPOS DE MARCA,equipos_de_marca,CT,1168.42,22784.21,36454.74,36454.74,30758.68,30758.68,28480.26,27341.05,https://static.ctonline.mx/imagenes/SOFHPE850/SOFHPE850_400.jpg,assets/img/catalog/SOFHPE850.jpg
SOFHPE860,CAL(Client Access Licenses) para Microsoft Windows Server 2025 (P77111-B21) 1 Dispositivo Worldwide LTU (License-To-Use). NO es un sistema operativo.,CAL(Client Access Licenses) para Microsoft Windows Server 2025 (P77111-B21) 1 Dispositivo Worldwide LTU (License-To-Use). NO es un sistema operativo.. Clave Oficial CT: SOFHPE860. Marca: CT.,EQUIPOS DE MARCA,equipos_de_marca,CT,42.84,835.42,1336.67,1336.67,1127.82,1127.82,1044.28,1002.51,https://static.ctonline.mx/imagenes/SOFHPE860/SOFHPE860_400.jpg,assets/img/catalog/SOFHPE860.jpg
SOFHPE870,CAL(Client Access Licenses) para Microsoft Windows Server 2025 (P77119-B21) 1 Dispositivo RDS/ Servicio de escritorio remoto Worldwide LTU (License-To-Use). NO es un sistema operativo.,CAL(Client Access Licenses) para Microsoft Windows Server 2025 (P77119-B21) 1 Dispositivo RDS/ Servicio de escritorio remoto Worldwide LTU (License-To-Use). NO es un sistema operativo.. Clave Oficial CT: SOFHPE870. Marca: CT.,EQUIPOS DE MARCA,equipos_de_marca,CT,171.37,3341.68,5346.69,5346.69,4511.27,4511.27,4177.11,4010.02,https://static.ctonline.mx/imagenes/SOFHPE870/SOFHPE870_400.jpg,assets/img/catalog/SOFHPE870.jpg
SOFHPE880,CAL(Client Access Licenses) para Microsoft Windows Server 2025 (P77113-B21) 5 Dispositivos Worldwide LTU (License-To-Use). NO es un sistema operativo.,CAL(Client Access Licenses) para Microsoft Windows Server 2025 (P77113-B21) 5 Dispositivos Worldwide LTU (License-To-Use). NO es un sistema operativo.. Clave Oficial CT: SOFHPE880. Marca: CT.,EQUIPOS DE MARCA,equipos_de_marca,CT,194.74,3797.37,6075.79,6075.79,5126.45,5126.45,4746.71,4556.84,https://static.ctonline.mx/imagenes/SOFHPE880/SOFHPE880_400.jpg,assets/img/catalog/SOFHPE880.jpg
SOFHPE890,CAL(Client Access Licenses) para Microsoft Windows Server 2025 (P77121-B21) 5 Dispositivos RDS/ Servicio de escritorio remoto Worldwide LTU (License-To-Use). NO es un sistema operativo.,CAL(Client Access Licenses) para Microsoft Windows Server 2025 (P77121-B21) 5 Dispositivos RDS/ Servicio de escritorio remoto Worldwide LTU (License-To-Use). NO es un sistema operativo.. Clave Oficial CT: SOFHPE890. Marca: CT.,EQUIPOS DE MARCA,equipos_de_marca,CT,833.47,16252.74,26004.38,26004.38,21941.19,21941.19,20315.92,19503.28,https://static.ctonline.mx/imagenes/SOFHPE890/SOFHPE890_400.jpg,assets/img/catalog/SOFHPE890.jpg
SOFHPE910,Licencia de núcleos adicionales (P77109-B21) para el sistema operativo Microsoft Windows Server 2025 Datacenter 2-núcleos Worldwide Software. No es un sistema operativo.,Licencia de núcleos adicionales (P77109-B21) para el sistema operativo Microsoft Windows Server 2025 Datacenter 2-núcleos Worldwide Software. No es un sistema operativo.. Clave Oficial CT: SOFHPE910. Marca: CT.,EQUIPOS DE MARCA,equipos_de_marca,CT,619.26,12075.63,19321.01,19321.01,16302.1,16302.1,15094.54,14490.76,https://static.ctonline.mx/imagenes/SOFHPE910/SOFHPE910_400.jpg,assets/img/catalog/SOFHPE910.jpg
STOHPE990,"HPE STORAGE LTO-7 External Tape (P84140-B25) , Drive 5x LTO-7 15TB Data Cartridges, 1x HPE StoreEver LTO-7 Ultrium 15000 External Tape Drive, 4x HPE LTO-7 Ultrium 15TB RW Data Cartridge Grantía Cobertura de 3 años en piezas, sin mano de obra y sin soporte en sitio.","HPE STORAGE LTO-7 External Tape (P84140-B25) , Drive 5x LTO-7 15TB Data Cartridges, 1x HPE StoreEver LTO-7 Ultrium 15000 External Tape Drive, 4x HPE LTO-7 Ultrium 15TB RW Data Cartridge Grantía Cobertura de 3 años en piezas, sin mano de obra y sin soporte en sitio.. Clave Oficial CT: STOHPE990. Marca: CT.",EQUIPOS DE MARCA,equipos_de_marca,CT,3696.84,72088.42,115341.47,115341.47,97319.37,97319.37,90110.53,86506.11,https://static.ctonline.mx/imagenes/STOHPE990/STOHPE990_400.jpg,assets/img/catalog/STOHPE990.jpg
STOHPE1000,"HPE STORAGE LTO-8 External Tape (P84141-B25) , Drive 5x LTO-8 30TB Data Cartridges, 1x HPE StoreEver LTO-8 Ultrium 30750 External Tape Drive, 4x HPE LTO-8 Ultrium 30TB RW Data Cartridge Grantía Cobertura de 3 años en piezas, sin mano de obra y sin soporte en sitio.","HPE STORAGE LTO-8 External Tape (P84141-B25) , Drive 5x LTO-8 30TB Data Cartridges, 1x HPE StoreEver LTO-8 Ultrium 30750 External Tape Drive, 4x HPE LTO-8 Ultrium 30TB RW Data Cartridge Grantía Cobertura de 3 años en piezas, sin mano de obra y sin soporte en sitio.. Clave Oficial CT: STOHPE1000. Marca: CT.",EQUIPOS DE MARCA,equipos_de_marca,CT,4808.42,93764.21,150022.74,150022.74,126581.68,126581.68,117205.26,112517.05,https://static.ctonline.mx/imagenes/STOHPE1000/STOHPE1000_400.jpg,assets/img/catalog/STOHPE1000.jpg
STOHPE1010,"HPE STORAGE LTO-9 External Tape (P84142-B25) , Drive 5x LTO-9 45TB Data Cartridges, 1x HPE StoreEver LTO-9 Ultrium 45000 External Tape Drive, 4x HPE LTO-9 Ultrium 45TB RW Data Cartridge Grantía Cobertura de 3 años en piezas, sin mano de obra y sin soporte en sitio.","HPE STORAGE LTO-9 External Tape (P84142-B25) , Drive 5x LTO-9 45TB Data Cartridges, 1x HPE StoreEver LTO-9 Ultrium 45000 External Tape Drive, 4x HPE LTO-9 Ultrium 45TB RW Data Cartridge Grantía Cobertura de 3 años en piezas, sin mano de obra y sin soporte en sitio.. Clave Oficial CT: STOHPE1010. Marca: CT.",EQUIPOS DE MARCA,equipos_de_marca,CT,4976.84,97048.42,155277.47,155277.47,131015.37,131015.37,121310.53,116458.11,https://static.ctonline.mx/imagenes/STOHPE1010/STOHPE1010_400.jpg,assets/img/catalog/STOHPE1010.jpg
STOHPE1020,"HPE Storage LTO-9 Ultrium Rack Mount P77034-B25 Tape Drive 5x LTO-9 45TB Data Cartridges, 1x HPE StoreEver LTO-9 Ultrium 45000 Internal Tape Drive, 1x HPE StoreEver 1U Generic Rack Mount Kit 1x HPE 12Gb Mini SAS High Density (SFF-8644) to LTO Drive 4m Cable for 1U Rack Mount Kit 5x HPE LTO-9 Ultrium 45TB RW Data Cartridge Garantía: 3-0-0 (Las piezas del kit de montaje en rack tienen una duración de tres años y las unidades de cinta siguen su garantía específica)","HPE Storage LTO-9 Ultrium Rack Mount P77034-B25 Tape Drive 5x LTO-9 45TB Data Cartridges, 1x HPE StoreEver LTO-9 Ultrium 45000 Internal Tape Drive, 1x HPE StoreEver 1U Generic Rack Mount Kit 1x HPE 12Gb Mini SAS High Density (SFF-8644) to LTO Drive 4m Cable for 1U Rack Mount Kit 5x HPE LTO-9 Ultrium 45TB RW Data Cartridge Garantía: 3-0-0 (Las piezas del kit de montaje en rack tienen una duración de tres años y las unidades de cinta siguen su garantía específica). Clave Oficial CT: STOHPE1020. Marca: CT.",EQUIPOS DE MARCA,equipos_de_marca,CT,6012.63,117246.32,187594.11,187594.11,158282.53,158282.53,146557.89,140695.58,https://static.ctonline.mx/imagenes/STOHPE1020/STOHPE1020_400.jpg,assets/img/catalog/STOHPE1020.jpg
STOHPE1030,"HPE Storage LTO-8 Ultrium Rack Mount P77033-B25 Tape Drive 5x LTO-8 30TB Data Cartridges, 1x HPE StoreEver LTO-8 Ultrium 30750 Internal Tape Drive, 1x HPE StoreEver 1U Generic Rack Mount Kit, 1x HPE StoreEver 4m Mini SAS HD (SFF-8644) LTO Drive Cable for 1U Rack Mount Kit, 5x HPE LTO-8 Ultrium 30TB RW Data Cartridge, Garantía: 3-0-0 (Las piezas del kit de montaje en rack tienen una duración de tres años y las unidades de cinta siguen su garantía específica)","HPE Storage LTO-8 Ultrium Rack Mount P77033-B25 Tape Drive 5x LTO-8 30TB Data Cartridges, 1x HPE StoreEver LTO-8 Ultrium 30750 Internal Tape Drive, 1x HPE StoreEver 1U Generic Rack Mount Kit, 1x HPE StoreEver 4m Mini SAS HD (SFF-8644) LTO Drive Cable for 1U Rack Mount Kit, 5x HPE LTO-8 Ultrium 30TB RW Data Cartridge, Garantía: 3-0-0 (Las piezas del kit de montaje en rack tienen una duración de tres años y las unidades de cinta siguen su garantía específica). Clave Oficial CT: STOHPE1030. Marca: CT.",EQUIPOS DE MARCA,equipos_de_marca,CT,5086.32,99183.16,158693.05,158693.05,133897.26,133897.26,123978.95,119019.79,https://static.ctonline.mx/imagenes/STOHPE1030/STOHPE1030_400.jpg,assets/img/catalog/STOHPE1030.jpg
STOHPE1040,"HPE Storage MSL 1/8 Tape Autoloader P77035-B25 1x MSL LTO-8 SAS Drive 5x LTO-8 30TB Data Cartridges, 1x HPE StoreEver MSL LTO-8 Ultrium 30750 SAS Drive Upgrade Kit, 1x HPE StoreEver MSL 1/8 G3 0-drive Tape, 1x HPE StoreEver 1/8 G2 Tape Autoloader Rack Kit Autoloader, 5x HPE LTO-8 Ultrium 30TB RW Data Cartridge, 1x HPE LTO-8 Ultrium RW Bar Code Label Pack, Garantía limitada de 1 año, con entrega en el sitio el siguiente día hábil, con cambio parcial para el autocargador 1/8 y sus componentes, incluidas las unidades, además de soporte telefónico 9x5 durante la duración de la garantía.","HPE Storage MSL 1/8 Tape Autoloader P77035-B25 1x MSL LTO-8 SAS Drive 5x LTO-8 30TB Data Cartridges, 1x HPE StoreEver MSL LTO-8 Ultrium 30750 SAS Drive Upgrade Kit, 1x HPE StoreEver MSL 1/8 G3 0-drive Tape, 1x HPE StoreEver 1/8 G2 Tape Autoloader Rack Kit Autoloader, 5x HPE LTO-8 Ultrium 30TB RW Data Cartridge, 1x HPE LTO-8 Ultrium RW Bar Code Label Pack, Garantía limitada de 1 año, con entrega en el sitio el siguiente día hábil, con cambio parcial para el autocargador 1/8 y sus componentes, incluidas las unidades, además de soporte telefónico 9x5 durante la duración de la garantía.. Clave Oficial CT: STOHPE1040. Marca: CT.",EQUIPOS DE MARCA,equipos_de_marca,CT,7014.74,136787.37,218859.79,218859.79,184662.95,184662.95,170984.21,164144.84,https://static.ctonline.mx/imagenes/STOHPE1040/STOHPE1040_400.jpg,assets/img/catalog/STOHPE1040.jpg
STOHPE1050,"HPE Storage MSL 1/8 Tape Autoloader P84143-B25 1x MSL LTO-8 Fibre Channel 5x LTO-8 30TB Data Cartridges, 1x HPE StoreEver MSL LTO-8 Ultrium 30750 FC Drive Upgrade Kit, 1x HPE StoreEver 1/8 G2 Tape Autoloader Rack Kit, 5x HPE LTO-8 Ultrium 30TB RW Data Cartridge, 1x HPE LTO-8 Ultrium RW Bar Code Label Pack, La garantía de este producto consiste en una garantía limitada de 1 año, con entrega en el sitio el siguiente día hábil, con cambio parcial para el autocargador 1/8 y sus componentes, incluidas las unidades, además de soporte telefónico 9x5 durante la duración de la garantía.","HPE Storage MSL 1/8 Tape Autoloader P84143-B25 1x MSL LTO-8 Fibre Channel 5x LTO-8 30TB Data Cartridges, 1x HPE StoreEver MSL LTO-8 Ultrium 30750 FC Drive Upgrade Kit, 1x HPE StoreEver 1/8 G2 Tape Autoloader Rack Kit, 5x HPE LTO-8 Ultrium 30TB RW Data Cartridge, 1x HPE LTO-8 Ultrium RW Bar Code Label Pack, La garantía de este producto consiste en una garantía limitada de 1 año, con entrega en el sitio el siguiente día hábil, con cambio parcial para el autocargador 1/8 y sus componentes, incluidas las unidades, además de soporte telefónico 9x5 durante la duración de la garantía.. Clave Oficial CT: STOHPE1050. Marca: CT.",EQUIPOS DE MARCA,equipos_de_marca,CT,6837.89,133338.95,213342.32,213342.32,180007.58,180007.58,166673.68,160006.74,https://static.ctonline.mx/imagenes/STOHPE1050/STOHPE1050_400.jpg,assets/img/catalog/STOHPE1050.jpg
STOHPE1060,"HPE Storage MSL 1/8 Tape Autoloader P84148-B25 1x MSL LTO-9 SAS Drive 5x LTO-9 45TB Data Cartridges, 1x HPE StoreEver MSL LTO-9 Ultrium 45000 SAS Drive Upgrade Kit, 1x HPE StoreEver 1/8 G2 Tape Autoloader Rack Kit, 5x HPE LTO-9 Ultrium 45TB RW Data Cartridge, 1x HPE LTO-9 Ultrium RW Bar Code Label Pack, La garantía de este producto consiste en una garantía limitada de 1 año, con entrega en el sitio el siguiente día hábil, con cambio parcial para el autocargador 1/8 y sus componentes, incluidas las unidades, además de soporte telefónico 9x5 durante la duración de la garantía.","HPE Storage MSL 1/8 Tape Autoloader P84148-B25 1x MSL LTO-9 SAS Drive 5x LTO-9 45TB Data Cartridges, 1x HPE StoreEver MSL LTO-9 Ultrium 45000 SAS Drive Upgrade Kit, 1x HPE StoreEver 1/8 G2 Tape Autoloader Rack Kit, 5x HPE LTO-9 Ultrium 45TB RW Data Cartridge, 1x HPE LTO-9 Ultrium RW Bar Code Label Pack, La garantía de este producto consiste en una garantía limitada de 1 año, con entrega en el sitio el siguiente día hábil, con cambio parcial para el autocargador 1/8 y sus componentes, incluidas las unidades, además de soporte telefónico 9x5 durante la duración de la garantía.. Clave Oficial CT: STOHPE1060. Marca: CT.",EQUIPOS DE MARCA,equipos_de_marca,CT,7882.11,153701.05,245921.68,245921.68,207496.42,207496.42,192126.32,184441.26,https://static.ctonline.mx/imagenes/STOHPE1060/STOHPE1060_400.jpg,assets/img/catalog/STOHPE1060.jpg
STOHPE1070,"HPE Storage MSL 1/8 Tape AutoloaderP84145-B25 1x MSL LTO-9 Fibre Channel 5x LTO-9 45TB Data Cartridges, 1x HPE StoreEver MSL LTO-9 Ultrium 45000 Fibre Channel Drive Upgrade Kit, 1x HPE StoreEver 1/8 G2 Tape Autoloader Rack Kit, 5x HPE LTO-9 Ultrium 45TB RW Data Cartridge, 1x HPE LTO-9 Ultrium RW Bar Code Label Pack, La garantía de este producto consiste en una garantía limitada de 1 año, con entrega en el sitio el siguiente día hábil, con cambio parcial para el autocargador 1/8 y sus componentes, incluidas las unidades, además de soporte telefónico 9x5 durante la duración de la garantía.","HPE Storage MSL 1/8 Tape AutoloaderP84145-B25 1x MSL LTO-9 Fibre Channel 5x LTO-9 45TB Data Cartridges, 1x HPE StoreEver MSL LTO-9 Ultrium 45000 Fibre Channel Drive Upgrade Kit, 1x HPE StoreEver 1/8 G2 Tape Autoloader Rack Kit, 5x HPE LTO-9 Ultrium 45TB RW Data Cartridge, 1x HPE LTO-9 Ultrium RW Bar Code Label Pack, La garantía de este producto consiste en una garantía limitada de 1 año, con entrega en el sitio el siguiente día hábil, con cambio parcial para el autocargador 1/8 y sus componentes, incluidas las unidades, además de soporte telefónico 9x5 durante la duración de la garantía.. Clave Oficial CT: STOHPE1070. Marca: CT.",EQUIPOS DE MARCA,equipos_de_marca,CT,8572.63,167166.32,267466.11,267466.11,225674.53,225674.53,208957.89,200599.58,https://static.ctonline.mx/imagenes/STOHPE1070/STOHPE1070_400.jpg,assets/img/catalog/STOHPE1070.jpg
STOHPE1080,"HPE Storage MSL2024 Tape Library P77036-B25 1x MSL LTO-8 SAS Drive 15x LTO-8 30TB Data Cartridges, 1x HPE StoreEver MSL LTO-8 Ultrium 30750 SAS Drive Upgrade Kit, 1x HPE StoreEver MSL2024 0-drive Tape Library, 15x HPE LTO-8 Ultrium 30TB RW Data Cartridge, 1x HPE LTO-8 Ultrium RW Bar Code Label Pack, Garantía limitada de 1 año, con entrega en el sitio el siguiente día hábil, con cambio parcial para la biblioteca de cintas MSL2024 y sus componentes, incluidas las unidades, además de soporte telefónico 9x5 durante la duración de la garantía.","HPE Storage MSL2024 Tape Library P77036-B25 1x MSL LTO-8 SAS Drive 15x LTO-8 30TB Data Cartridges, 1x HPE StoreEver MSL LTO-8 Ultrium 30750 SAS Drive Upgrade Kit, 1x HPE StoreEver MSL2024 0-drive Tape Library, 15x HPE LTO-8 Ultrium 30TB RW Data Cartridge, 1x HPE LTO-8 Ultrium RW Bar Code Label Pack, Garantía limitada de 1 año, con entrega en el sitio el siguiente día hábil, con cambio parcial para la biblioteca de cintas MSL2024 y sus componentes, incluidas las unidades, además de soporte telefónico 9x5 durante la duración de la garantía.. Clave Oficial CT: STOHPE1080. Marca: CT.",EQUIPOS DE MARCA,equipos_de_marca,CT,8101.05,157970.53,252752.84,252752.84,213260.21,213260.21,197463.16,189564.63,https://static.ctonline.mx/imagenes/STOHPE1080/STOHPE1080_400.jpg,assets/img/catalog/STOHPE1080.jpg
STOHPE1090,"HPE Storage MSL2024 Tape Library P84144-B25 1x MSL LTO-8 Fibre Channel 15x LTO-8 30TB Data Cartridges, 1x HPE StoreEver MSL LTO-8 Ultrium 30750 FC Drive Upgrade Kit, 1x HPE StoreEver MSL2024 0-drive Tape Library, 15x HPE LTO-8 Ultrium 30TB RW Data Cartridge, 1x HPE LTO-8 Ultrium RW Bar Code Label Pack, Garantía limitada de 1 año, con entrega in situ al siguiente día hábil, con sustitución parcial para la biblioteca de cintas MSL2024 y sus componentes, incluidas las unidades, además de soporte telefónico 9x5 durante la vigencia de la garantía.","HPE Storage MSL2024 Tape Library P84144-B25 1x MSL LTO-8 Fibre Channel 15x LTO-8 30TB Data Cartridges, 1x HPE StoreEver MSL LTO-8 Ultrium 30750 FC Drive Upgrade Kit, 1x HPE StoreEver MSL2024 0-drive Tape Library, 15x HPE LTO-8 Ultrium 30TB RW Data Cartridge, 1x HPE LTO-8 Ultrium RW Bar Code Label Pack, Garantía limitada de 1 año, con entrega in situ al siguiente día hábil, con sustitución parcial para la biblioteca de cintas MSL2024 y sus componentes, incluidas las unidades, además de soporte telefónico 9x5 durante la vigencia de la garantía.. Clave Oficial CT: STOHPE1090. Marca: CT.",EQUIPOS DE MARCA,equipos_de_marca,CT,7823.16,152551.58,244082.53,244082.53,205944.63,205944.63,190689.47,183061.89,https://static.ctonline.mx/imagenes/STOHPE1090/STOHPE1090_400.jpg,assets/img/catalog/STOHPE1090.jpg
STOHPE1100,"HPE Storage MSL2024 Tape Library P84149-B25 1x MSL LTO-9 SAS Drive 15x LTO-9 45TB Data Cartridges, 1x HPE StoreEver MSL LTO-9 Ultrium 45000 SAS Drive Upgrade Kit, 1x HPE StoreEver MSL2024 0-drive Tape Library, 15x HPE LTO-9 Ultrium 45TB RW Data Cartridge, 1x HPE LTO-9 Ultrium RW Bar Code Label Pack, Garantía limitada de 1 año, con entrega in situ al siguiente día hábil, con sustitución parcial para la biblioteca de cintas MSL2024 y sus componentes, incluidas las unidades, además de soporte telefónico 9x5 durante la vigencia de la garantía.","HPE Storage MSL2024 Tape Library P84149-B25 1x MSL LTO-9 SAS Drive 15x LTO-9 45TB Data Cartridges, 1x HPE StoreEver MSL LTO-9 Ultrium 45000 SAS Drive Upgrade Kit, 1x HPE StoreEver MSL2024 0-drive Tape Library, 15x HPE LTO-9 Ultrium 45TB RW Data Cartridge, 1x HPE LTO-9 Ultrium RW Bar Code Label Pack, Garantía limitada de 1 año, con entrega in situ al siguiente día hábil, con sustitución parcial para la biblioteca de cintas MSL2024 y sus componentes, incluidas las unidades, además de soporte telefónico 9x5 durante la vigencia de la garantía.. Clave Oficial CT: STOHPE1100. Marca: CT.",EQUIPOS DE MARCA,equipos_de_marca,CT,9111.58,177675.79,284281.26,284281.26,239862.32,239862.32,222094.74,213210.95,https://static.ctonline.mx/imagenes/STOHPE1100/STOHPE1100_400.jpg,assets/img/catalog/STOHPE1100.jpg
STOHPE1110,"HPE Storage MSL2024 Tape Library P84146-B25 1x MSL LTO-9 Fibre Channel 15x LTO-9 45TB Data Cartridges, 1x HPE StoreEver MSL LTO-9 Ultrium 45000 Fibre Channel Drive Upgrade Kit, 1x HPE StoreEver MSL2024 0-drive Tape Library, 15x HPE LTO-9 Ultrium 45TB RW Data Cartridge,  1x HPE LTO-9 Ultrium RW Bar Code Label Pack, Garantía limitada de 1 año con entrega en el sitio al siguiente día hábil y cambio parcial para la biblioteca de cintas MSL2024 y sus componentes, incluidas las unidades, además de soporte telefónico 9x5 durante la vigencia de la garantía.","HPE Storage MSL2024 Tape Library P84146-B25 1x MSL LTO-9 Fibre Channel 15x LTO-9 45TB Data Cartridges, 1x HPE StoreEver MSL LTO-9 Ultrium 45000 Fibre Channel Drive Upgrade Kit, 1x HPE StoreEver MSL2024 0-drive Tape Library, 15x HPE LTO-9 Ultrium 45TB RW Data Cartridge,  1x HPE LTO-9 Ultrium RW Bar Code Label Pack, Garantía limitada de 1 año con entrega en el sitio al siguiente día hábil y cambio parcial para la biblioteca de cintas MSL2024 y sus componentes, incluidas las unidades, además de soporte telefónico 9x5 durante la vigencia de la garantía.. Clave Oficial CT: STOHPE1110. Marca: CT.",EQUIPOS DE MARCA,equipos_de_marca,CT,9810.53,191305.26,306088.42,306088.42,258262.11,258262.11,239131.58,229566.32,https://static.ctonline.mx/imagenes/STOHPE1110/STOHPE1110_400.jpg,assets/img/catalog/STOHPE1110.jpg
STOHPE1120,"HPE Storage MSL3040 Tape Library  P77037-B25 1x MSL LTO-9 SAS Drive 20x LTO-9 45TB Data Cartridges, 1x HPE StoreEver MSL LTO-9 Ultrium 45000 SAS Drive Upgrade Kit, 1x HPE StoreEver MSL3040 Scalable Library Base Module, 20x HPE LTO-9 Ultrium 45TB RW Data Cartridge, 1x HPE LTO-9 Ultrium RW Bar Code Label Pack, Garantía limitada de 1 año, con entrega en el sitio el siguiente día hábil, con cambio parcial para la biblioteca de cintas MSL3040 y sus componentes, incluidas las unidades, además de soporte telefónico 9x5 durante la duración de la garantía.","HPE Storage MSL3040 Tape Library  P77037-B25 1x MSL LTO-9 SAS Drive 20x LTO-9 45TB Data Cartridges, 1x HPE StoreEver MSL LTO-9 Ultrium 45000 SAS Drive Upgrade Kit, 1x HPE StoreEver MSL3040 Scalable Library Base Module, 20x HPE LTO-9 Ultrium 45TB RW Data Cartridge, 1x HPE LTO-9 Ultrium RW Bar Code Label Pack, Garantía limitada de 1 año, con entrega en el sitio el siguiente día hábil, con cambio parcial para la biblioteca de cintas MSL3040 y sus componentes, incluidas las unidades, además de soporte telefónico 9x5 durante la duración de la garantía.. Clave Oficial CT: STOHPE1120. Marca: CT.",EQUIPOS DE MARCA,equipos_de_marca,CT,11284.21,220042.11,352067.37,352067.37,297056.84,297056.84,275052.63,264050.53,https://static.ctonline.mx/imagenes/STOHPE1120/STOHPE1120_400.jpg,assets/img/catalog/STOHPE1120.jpg
STOHPE1130,"HPE Storage MSL3040 Tape Library P84147-B25 1x MSL LTO-9 SAS Drive 20x LTO-9 45TB Data Cartridges, 1x HPE StoreEver MSL LTO-9 Ultrium 45000 SAS Drive Upgrade Kit, 1x HPE StoreEver MSL3040 Scalable Library Base Module, 20x HPE LTO-9 Ultrium 45TB RW Data Cartridge, 1x HPE LTO-9 Ultrium RW Bar Code Label Pack, Garantía limitada de 1 año, con entrega en el sitio el siguiente día hábil, con cambio parcial para la biblioteca de cintas MSL3040 y sus componentes, incluidas las unidades, además de soporte telefónico 9x5 durante la duración de la garantía.","HPE Storage MSL3040 Tape Library P84147-B25 1x MSL LTO-9 SAS Drive 20x LTO-9 45TB Data Cartridges, 1x HPE StoreEver MSL LTO-9 Ultrium 45000 SAS Drive Upgrade Kit, 1x HPE StoreEver MSL3040 Scalable Library Base Module, 20x HPE LTO-9 Ultrium 45TB RW Data Cartridge, 1x HPE LTO-9 Ultrium RW Bar Code Label Pack, Garantía limitada de 1 año, con entrega en el sitio el siguiente día hábil, con cambio parcial para la biblioteca de cintas MSL3040 y sus componentes, incluidas las unidades, además de soporte telefónico 9x5 durante la duración de la garantía.. Clave Oficial CT: STOHPE1130. Marca: CT.",EQUIPOS DE MARCA,equipos_de_marca,CT,11974.74,233507.37,373611.79,373611.79,315234.95,315234.95,291884.21,280208.84,https://static.ctonline.mx/imagenes/STOHPE1130/STOHPE1130_400.jpg,assets/img/catalog/STOHPE1130.jpg
ACCHPE3840,"HPE LTO-9 Ultrium 45TB RW  (Q2079A) Data Cartridge Material Magnético: Barium Ferrite Densidad de grabación: 545 kbits/inch Número de pistas de datos: 8960 Capacidad de grabación: 45 TB con compresión 2,5:1 compatible, Ancho de la cinta (mm): 12.65,  Grosor de la cinta (um):  5.6,  Longitud de la cinta (m): 1035 m. Vida: 30 años. Garantia: incluye una garantía de por vida limitada, totalmente respaldada por una red mundial de revendedores y proveedores de servicios, así como soporte técnico telefónico gratuito 24 X 7 durante el período de garantía.","HPE LTO-9 Ultrium 45TB RW  (Q2079A) Data Cartridge Material Magnético: Barium Ferrite Densidad de grabación: 545 kbits/inch Número de pistas de datos: 8960 Capacidad de grabación: 45 TB con compresión 2,5:1 compatible, Ancho de la cinta (mm): 12.65,  Grosor de la cinta (um):  5.6,  Longitud de la cinta (m): 1035 m. Vida: 30 años. Garantia: incluye una garantía de por vida limitada, totalmente respaldada por una red mundial de revendedores y proveedores de servicios, así como soporte técnico telefónico gratuito 24 X 7 durante el período de garantía.. Clave Oficial CT: ACCHPE3840. Marca: CT.",EQUIPOS DE MARCA,equipos_de_marca,CT,94.63,1845.32,2952.51,2952.51,2491.18,2491.18,2306.64,2214.38,https://static.ctonline.mx/imagenes/ACCHPE3840/ACCHPE3840_400.jpg,assets/img/catalog/ACCHPE3840.jpg
ACCHPE3890,Hpe Oneview sin ilo (P8B26AAE) Que incluye 3 Años de asistencia 24x7 licencia del tipo E-LTU.,Hpe Oneview sin ilo (P8B26AAE) Que incluye 3 Años de asistencia 24x7 licencia del tipo E-LTU.. Clave Oficial CT: ACCHPE3890. Marca: CT.,EQUIPOS DE MARCA,equipos_de_marca,CT,431.32,8410.66,13457.05,13457.05,11354.39,11354.39,10513.32,10092.79,https://static.ctonline.mx/imagenes/ACCHPE3890/ACCHPE3890_400.jpg,assets/img/catalog/ACCHPE3890.jpg
ACCHPE3910,"Controlador de almacenamiento HPE (P47785-B21) MR216i-p Gen11 x16 canales sin caché PCI SPDM Plug-in. Niveles de RAID: 0, 1, 5, 6, 10, 50, 60. Gestión del almacenamiento: MRSA, StorCLI, UEFI y Redfish.","Controlador de almacenamiento HPE (P47785-B21) MR216i-p Gen11 x16 canales sin caché PCI SPDM Plug-in. Niveles de RAID: 0, 1, 5, 6, 10, 50, 60. Gestión del almacenamiento: MRSA, StorCLI, UEFI y Redfish.. Clave Oficial CT: ACCHPE3910. Marca: CT.",EQUIPOS DE MARCA,equipos_de_marca,CT,997.89,19458.95,31134.32,31134.32,26269.58,26269.58,24323.68,23350.74,https://static.ctonline.mx/imagenes/ACCHPE3910/ACCHPE3910_400.jpg,assets/img/catalog/ACCHPE3910.jpg
ACCHPE3730,Adaptador de bus de host HPE (Q0L13A) SN1200E 16 Gb un puerto FC,Adaptador de bus de host HPE (Q0L13A) SN1200E 16 Gb un puerto FC. Clave Oficial CT: ACCHPE3730. Marca: CT.,EQUIPOS DE MARCA,equipos_de_marca,CT,913.68,17816.84,28506.95,28506.95,24052.74,24052.74,22271.05,21380.21,https://static.ctonline.mx/imagenes/ACCHPE3730/ACCHPE3730_400.jpg,assets/img/catalog/ACCHPE3730.jpg
ACCHPE3940,Adaptador de bus de host HPE (Q0L14A) SN1200E 16 Gb puerto doble FC,Adaptador de bus de host HPE (Q0L14A) SN1200E 16 Gb puerto doble FC. Clave Oficial CT: ACCHPE3940. Marca: CT.,EQUIPOS DE MARCA,equipos_de_marca,CT,1452.63,28326.32,45322.11,45322.11,38240.53,38240.53,35407.89,33991.58,https://static.ctonline.mx/imagenes/ACCHPE3940/ACCHPE3940_400.jpg,assets/img/catalog/ACCHPE3940.jpg
ACCHPE3960,Adaptador Broadcom HPE (P51181-B21) BCM5719 Ethernet 1 Gb 4 puertos BASE-T OCP3. Tipo de bus: PCIe Gen2. Factor de forma: OCP3.0.,Adaptador Broadcom HPE (P51181-B21) BCM5719 Ethernet 1 Gb 4 puertos BASE-T OCP3. Tipo de bus: PCIe Gen2. Factor de forma: OCP3.0.. Clave Oficial CT: ACCHPE3960. Marca: CT.,EQUIPOS DE MARCA,equipos_de_marca,CT,225.26,4392.63,7028.21,7028.21,5930.05,5930.05,5490.79,5271.16,https://static.ctonline.mx/imagenes/ACCHPE3960/ACCHPE3960_400.jpg,assets/img/catalog/ACCHPE3960.jpg
ACCHPE3760,Adaptador Broadcom HPE (P26259-B21) BCM57412 Ethernet 10 Gb 2 puertos SFP+ para HPE. Tipo de bus: PCIe Gen3x8,Adaptador Broadcom HPE (P26259-B21) BCM57412 Ethernet 10 Gb 2 puertos SFP+ para HPE. Tipo de bus: PCIe Gen3x8. Clave Oficial CT: ACCHPE3760. Marca: CT.,EQUIPOS DE MARCA,equipos_de_marca,CT,395.79,7717.89,12348.63,12348.63,10419.16,10419.16,9647.37,9261.47,https://static.ctonline.mx/imagenes/ACCHPE3760/ACCHPE3760_400.jpg,assets/img/catalog/ACCHPE3760.jpg
ACCHPE3280,HPE Adaptador de red (P21106-B21) Intel I350-T4 1 Gb 4 puertos BASE-T. 1 año de garantía.,HPE Adaptador de red (P21106-B21) Intel I350-T4 1 Gb 4 puertos BASE-T. 1 año de garantía.. Clave Oficial CT: ACCHPE3280. Marca: CT.,EQUIPOS DE MARCA,equipos_de_marca,CT,602.0,11739.0,18782.4,18782.4,15847.65,15847.65,14673.75,14086.8,https://static.ctonline.mx/imagenes/ACCHPE3280/ACCHPE3280_400.jpg,assets/img/catalog/ACCHPE3280.jpg
ACCHPE3290,HPE Adaptador de red Broadcom (P26262-B21) BCM57414  10/25Gb 2-port SFP28.1 año de garantía.,HPE Adaptador de red Broadcom (P26262-B21) BCM57414  10/25Gb 2-port SFP28.1 año de garantía.. Clave Oficial CT: ACCHPE3290. Marca: CT.,EQUIPOS DE MARCA,equipos_de_marca,CT,621.05,12110.53,19376.84,19376.84,16349.21,16349.21,15138.16,14532.63,https://static.ctonline.mx/imagenes/ACCHPE3290/ACCHPE3290_400.jpg,assets/img/catalog/ACCHPE3290.jpg
ACCHPE3300,HPE Adaptador de red Broadcom (P26253-B21) BCM57416  10Gb 2-port.1 año de garantía.,HPE Adaptador de red Broadcom (P26253-B21) BCM57416  10Gb 2-port.1 año de garantía.. Clave Oficial CT: ACCHPE3300. Marca: CT.,EQUIPOS DE MARCA,equipos_de_marca,CT,584.21,11392.11,18227.37,18227.37,15379.34,15379.34,14240.13,13670.53,https://static.ctonline.mx/imagenes/ACCHPE3300/ACCHPE3300_400.jpg,assets/img/catalog/ACCHPE3300.jpg
ACCHPE2950,"HPE Cable de Poder C13-C14 (A0K02A) - 250V 10Amp, 2 Metros","HPE Cable de Poder C13-C14 (A0K02A) - 250V 10Amp, 2 Metros. Clave Oficial CT: ACCHPE2950. Marca: CT.",EQUIPOS DE MARCA,equipos_de_marca,CT,36.21,706.11,1129.77,1129.77,953.24,953.24,882.63,847.33,https://static.ctonline.mx/imagenes/ACCHPE2950/ACCHPE2950_400.jpg,assets/img/catalog/ACCHPE2950.jpg
ACCHPE1520,"HPE Cable de Poder C13 (AF556A) - Nema 5-15P US/CA 110V 10Amp, 1.83 Metros","HPE Cable de Poder C13 (AF556A) - Nema 5-15P US/CA 110V 10Amp, 1.83 Metros. Clave Oficial CT: ACCHPE1520. Marca: CT.",EQUIPOS DE MARCA,equipos_de_marca,CT,47.89,933.95,1494.32,1494.32,1260.83,1260.83,1167.43,1120.74,https://static.ctonline.mx/imagenes/ACCHPE1520/ACCHPE1520_400.jpg,assets/img/catalog/ACCHPE1520.jpg
ACCHPE070,Licencia electrónica HPE iLO Advanced (E6U64ABE) con 3 años de soporte en funciones licenciadas iLO.,Licencia electrónica HPE iLO Advanced (E6U64ABE) con 3 años de soporte en funciones licenciadas iLO.. Clave Oficial CT: ACCHPE070. Marca: CT.,EQUIPOS DE MARCA,equipos_de_marca,CT,284.21,5542.11,8867.37,8867.37,7481.84,7481.84,6927.63,6650.53,https://static.ctonline.mx/imagenes/ACCHPE070/ACCHPE070_400.jpg,assets/img/catalog/ACCHPE070.jpg
ACCHPE3420,Tarjeta de red HPE Ethernet HPE Gen10 Plus (P08449-B21) I350-T4 1 Gb 4 puertos BASE-T OCP3. 1 año de garantía,Tarjeta de red HPE Ethernet HPE Gen10 Plus (P08449-B21) I350-T4 1 Gb 4 puertos BASE-T OCP3. 1 año de garantía. Clave Oficial CT: ACCHPE3420. Marca: CT.,EQUIPOS DE MARCA,equipos_de_marca,CT,555.79,10837.89,17340.63,17340.63,14631.16,14631.16,13547.37,13005.47,https://static.ctonline.mx/imagenes/ACCHPE3420/ACCHPE3420_400.jpg,assets/img/catalog/ACCHPE3420.jpg
ACCHPE3440,Tarjeta de red HPE Ethernet HPE Gen10 Plus (P51178-B21) Broadcom BCM5719 Ethernet 1 Gb 4 puertos BASE-T PCIe Gen2. 1 año de garantía,Tarjeta de red HPE Ethernet HPE Gen10 Plus (P51178-B21) Broadcom BCM5719 Ethernet 1 Gb 4 puertos BASE-T PCIe Gen2. 1 año de garantía. Clave Oficial CT: ACCHPE3440. Marca: CT.,EQUIPOS DE MARCA,equipos_de_marca,CT,225.26,4392.63,7028.21,7028.21,5930.05,5930.05,5490.79,5271.16,https://static.ctonline.mx/imagenes/ACCHPE3440/ACCHPE3440_400.jpg,assets/img/catalog/ACCHPE3440.jpg
ACCHPE2030,Tarjeta de red  HPE (811546-B21) 1GbE 4p BASE-T I350 Adptr,Tarjeta de red  HPE (811546-B21) 1GbE 4p BASE-T I350 Adptr. Clave Oficial CT: ACCHPE2030. Marca: CT.,EQUIPOS DE MARCA,equipos_de_marca,CT,694.74,13547.37,21675.79,21675.79,18288.95,18288.95,16934.21,16256.84,https://static.ctonline.mx/imagenes/ACCHPE2030/ACCHPE2030_400.jpg,assets/img/catalog/ACCHPE2030.jpg
ACCLE1900,"Administrador Grafico LENOVO ThinkSystem modelo Xclarity Control Advance to Enterprise Uprade, 4L47A09133 SERVIDORES THINK SYSTEM.","Administrador Grafico LENOVO ThinkSystem modelo Xclarity Control Advance to Enterprise Uprade, 4L47A09133 SERVIDORES THINK SYSTEM.. Clave Oficial CT: ACCLE1900. Marca: CT.",EQUIPOS DE MARCA,equipos_de_marca,CT,13.24,258.22,413.15,413.15,348.6,348.6,322.78,309.87,https://static.ctonline.mx/imagenes/ACCLE1900/ACCLE1900_400.jpg,assets/img/catalog/ACCLE1900.jpg
ACCLEN4540,"Tarjeta Riser Lenovo ThinkSystem (4XH7A83845) ThinkSystem V3 1U x16/x16 PCIe Gen5 Riser 1 LP+LP, Compatible con SERLEN1430.","Tarjeta Riser Lenovo ThinkSystem (4XH7A83845) ThinkSystem V3 1U x16/x16 PCIe Gen5 Riser 1 LP+LP, Compatible con SERLEN1430.. Clave Oficial CT: ACCLEN4540. Marca: CT.",EQUIPOS DE MARCA,equipos_de_marca,CT,100.29,1955.75,3129.2,3129.2,2640.26,2640.26,2444.68,2346.9,https://static.ctonline.mx/imagenes/ACCLEN4540/ACCLEN4540_400.jpg,assets/img/catalog/ACCLEN4540.jpg
ACCLEN4520,"Tornillo Sujetador Lenovo ThinkSystem 4XF7A96627, Tornillo sujetador de bracket para M2 de Lenovo compatible para SERLEN1360.","Tornillo Sujetador Lenovo ThinkSystem 4XF7A96627, Tornillo sujetador de bracket para M2 de Lenovo compatible para SERLEN1360.. Clave Oficial CT: ACCLEN4520. Marca: CT.",EQUIPOS DE MARCA,equipos_de_marca,CT,36.8,717.6,1148.16,1148.16,968.76,968.76,897.0,861.12,https://static.ctonline.mx/imagenes/ACCLEN4520/ACCLEN4520_400.jpg,assets/img/catalog/ACCLEN4520.jpg
LICLEN010,Lenovo Windows Server ROK (7S1S0011WW) Kit de Downgrade Essentials 2025 a 2022 Multilanguage.,Lenovo Windows Server ROK (7S1S0011WW) Kit de Downgrade Essentials 2025 a 2022 Multilanguage.. Clave Oficial CT: LICLEN010. Marca: LENOVO.,EQUIPOS DE MARCA,equipos_de_marca,LENOVO,22.88,446.25,714.01,714.01,602.44,602.44,557.82,535.5,https://static.ctonline.mx/imagenes/LICLEN010/LICLEN010_400.jpg,assets/img/catalog/LICLEN010.jpg
LICLEN020,Lenovo Windows Server ROK (7S1S0015WW) Kit de Downgrade Standart 2025 a 2022 Multilanguage.,Lenovo Windows Server ROK (7S1S0015WW) Kit de Downgrade Standart 2025 a 2022 Multilanguage.. Clave Oficial CT: LICLEN020. Marca: LENOVO.,EQUIPOS DE MARCA,equipos_de_marca,LENOVO,22.88,446.25,714.01,714.01,602.44,602.44,557.82,535.5,https://static.ctonline.mx/imagenes/LICLEN020/LICLEN020_400.jpg,assets/img/catalog/LICLEN020.jpg
LICLEN030,Lenovo CAL(Client Access Licenses) para Lenovo Microsoft Windows Server 2025 ROK (7S1S003PWW) 5 Usuarios. NO es un sistema operativo.,Lenovo CAL(Client Access Licenses) para Lenovo Microsoft Windows Server 2025 ROK (7S1S003PWW) 5 Usuarios. NO es un sistema operativo.. Clave Oficial CT: LICLEN030. Marca: LENOVO.,EQUIPOS DE MARCA,equipos_de_marca,LENOVO,282.98,5518.14,8829.03,8829.03,7449.49,7449.49,6897.68,6621.77,https://static.ctonline.mx/imagenes/LICLEN030/LICLEN030_400.jpg,assets/img/catalog/LICLEN030.jpg
LICLEN040,Lenovo CAL(Client Access Licenses) para Lenovo Microsoft Windows Server 2025 ROK (7S1S003HWW) 5 Dispositivos. NO es un sistema operativo.,Lenovo CAL(Client Access Licenses) para Lenovo Microsoft Windows Server 2025 ROK (7S1S003HWW) 5 Dispositivos. NO es un sistema operativo.. Clave Oficial CT: LICLEN040. Marca: LENOVO.,EQUIPOS DE MARCA,equipos_de_marca,LENOVO,217.86,4248.23,6797.17,6797.17,5735.11,5735.11,5310.29,5097.88,https://static.ctonline.mx/imagenes/LICLEN040/LICLEN040_400.jpg,assets/img/catalog/LICLEN040.jpg
LICLEN050,Lenovo CAL(Client Access Licenses) para Lenovo Microsoft Windows Server 2025 ROK (7S1S003PWW) 5 Usuarios RDS/Servicio de escritorio remoto. NO es un sistema operativo.,Lenovo CAL(Client Access Licenses) para Lenovo Microsoft Windows Server 2025 ROK (7S1S003PWW) 5 Usuarios RDS/Servicio de escritorio remoto. NO es un sistema operativo.. Clave Oficial CT: LICLEN050. Marca: LENOVO.,EQUIPOS DE MARCA,equipos_de_marca,LENOVO,1155.69,22536.04,36057.66,36057.66,30423.65,30423.65,28170.05,27043.25,https://static.ctonline.mx/imagenes/LICLEN050/LICLEN050_400.jpg,assets/img/catalog/LICLEN050.jpg
LICLEN060,Lenovo CAL(Client Access Licenses) para Lenovo Microsoft Windows Server 2025 ROK (7S1S004BWW) 5 Dispositivos RDS/Servicio de escritorio remoto. NO es un sistema operativo.,Lenovo CAL(Client Access Licenses) para Lenovo Microsoft Windows Server 2025 ROK (7S1S004BWW) 5 Dispositivos RDS/Servicio de escritorio remoto. NO es un sistema operativo.. Clave Oficial CT: LICLEN060. Marca: LENOVO.,EQUIPOS DE MARCA,equipos_de_marca,LENOVO,895.18,17455.96,27929.54,27929.54,23565.55,23565.55,21819.95,20947.16,https://static.ctonline.mx/imagenes/LICLEN060/LICLEN060_400.jpg,assets/img/catalog/LICLEN060.jpg
MONLEN1500,"ThinkVision E22-40, 64C9MAR6LA, Panel IPS de 21,5 pulgadas, Gama de colores sRGB del 99 %, relación de contraste de 1300:1, Frecuencia de actualización de 100 Hz, que se puede ajustar manualmente a 48 Hz, Puertos versátiles (VGA, HDMI® y DP) y altavoces 2x2W, Tecnología de hardware de baja luz azul y sin parpadeo, Soporte ergonómico con LTPS (funciones de elevación). Garantía 3 años con fabricante.","ThinkVision E22-40, 64C9MAR6LA, Panel IPS de 21,5 pulgadas, Gama de colores sRGB del 99 %, relación de contraste de 1300:1, Frecuencia de actualización de 100 Hz, que se puede ajustar manualmente a 48 Hz, Puertos versátiles (VGA, HDMI® y DP) y altavoces 2x2W, Tecnología de hardware de baja luz azul y sin parpadeo, Soporte ergonómico con LTPS (funciones de elevación). Garantía 3 años con fabricante.. Clave Oficial CT: MONLEN1500. Marca: CT.",EQUIPOS DE MARCA,equipos_de_marca,CT,2410.53,47005.26,75208.42,75208.42,63457.11,63457.11,58756.58,56406.32,https://static.ctonline.mx/imagenes/MONLEN1500/MONLEN1500_400.jpg,assets/img/catalog/MONLEN1500.jpg
CABXFN010,Cable pasivo de alta velocidad XFUSION 0405Y452 QSFP112 de 400G,Cable pasivo de alta velocidad XFUSION 0405Y452 QSFP112 de 400G. Clave Oficial CT: CABXFN010. Marca: CT.,EQUIPOS DE MARCA,equipos_de_marca,CT,44.54,868.58,1389.73,1389.73,1172.58,1172.58,1085.72,1042.3,https://static.ctonline.mx/imagenes/CABXFN010/CABXFN010_400.jpg,assets/img/catalog/CABXFN010.jpg
EXTLEN620,"Garantía Lenovo contra Daño y Accidentes 3 Años, 5PS0A23193","Garantía Lenovo contra Daño y Accidentes 3 Años, 5PS0A23193. Clave Oficial CT: EXTLEN620. Marca: CT.",EQUIPOS DE MARCA,equipos_de_marca,CT,1201.52,23429.67,37487.48,37487.48,31630.06,31630.06,29287.09,28115.61,https://static.ctonline.mx/imagenes/EXTLEN620/EXTLEN620_400.jpg,assets/img/catalog/EXTLEN620.jpg
TLCSTY740,"Tablet Stylos Space Kids 7"" STTAFA1A, Wi-Fi Panel HD 2GB RAM + 32GB ROM Android 13 A7 Quad Core 0.3MP Frontal + 2MP Trasera 3500mAh USB C Azul","Tablet Stylos Space Kids 7"" STTAFA1A, Wi-Fi Panel HD 2GB RAM + 32GB ROM Android 13 A7 Quad Core 0.3MP Frontal + 2MP Trasera 3500mAh USB C Azul. Clave Oficial CT: TLCSTY740. Marca: CT.",EQUIPOS DE MARCA,equipos_de_marca,CT,801.11,15621.67,24994.67,24994.67,21089.25,21089.25,19527.08,18746.0,https://static.ctonline.mx/imagenes/TLCSTY740/TLCSTY740_400.jpg,assets/img/catalog/TLCSTY740.jpg
TLCSTY750,"Tablet Stylos Space Kids 7"" STTAFA1P Wi-Fi Panel HD 2GB RAM + 32GB ROM Android 13 A7 Quad Core 0.3MP Frontal + 2MP Trasera 3500mAh USB C Rosa","Tablet Stylos Space Kids 7"" STTAFA1P Wi-Fi Panel HD 2GB RAM + 32GB ROM Android 13 A7 Quad Core 0.3MP Frontal + 2MP Trasera 3500mAh USB C Rosa. Clave Oficial CT: TLCSTY750. Marca: CT.",EQUIPOS DE MARCA,equipos_de_marca,CT,801.11,15621.67,24994.67,24994.67,21089.25,21089.25,19527.08,18746.0,https://static.ctonline.mx/imagenes/TLCSTY750/TLCSTY750_400.jpg,assets/img/catalog/TLCSTY750.jpg
TLCSTY760,"Tablet Stylos Panda Kids 7"" STTAFP1A Wi-Fi Panel HD 2GB RAM + 32GB ROM Android 13 A7 Quad Core 0.3MP Frontal + 2MP Trasera 3500mAh USB C Azul","Tablet Stylos Panda Kids 7"" STTAFP1A Wi-Fi Panel HD 2GB RAM + 32GB ROM Android 13 A7 Quad Core 0.3MP Frontal + 2MP Trasera 3500mAh USB C Azul. Clave Oficial CT: TLCSTY760. Marca: CT.",EQUIPOS DE MARCA,equipos_de_marca,CT,801.11,15621.67,24994.67,24994.67,21089.25,21089.25,19527.08,18746.0,https://static.ctonline.mx/imagenes/TLCSTY760/TLCSTY760_400.jpg,assets/img/catalog/TLCSTY760.jpg
TLCSTY770,"Tablet Stylos Panda Kids 7"" STTAFP1P Wi-Fi Panel HD 2GB RAM + 32GB ROM Android 13 A7 Quad Core 0.3MP Frontal + 2MP Trasera 3500mAh USB C Rosa","Tablet Stylos Panda Kids 7"" STTAFP1P Wi-Fi Panel HD 2GB RAM + 32GB ROM Android 13 A7 Quad Core 0.3MP Frontal + 2MP Trasera 3500mAh USB C Rosa. Clave Oficial CT: TLCSTY770. Marca: CT.",EQUIPOS DE MARCA,equipos_de_marca,CT,801.11,15621.67,24994.67,24994.67,21089.25,21089.25,19527.08,18746.0,https://static.ctonline.mx/imagenes/TLCSTY770/TLCSTY770_400.jpg,assets/img/catalog/TLCSTY770.jpg
TLCVGO760,"Tablet Vorago PAD-8-BK 8"" Android 13 Quadcore 4GB 64GB 2MP 5MP WIFI BT GMS NEGRA","Tablet Vorago PAD-8-BK 8"" Android 13 Quadcore 4GB 64GB 2MP 5MP WIFI BT GMS NEGRA. Clave Oficial CT: TLCVGO760. Marca: CT.",EQUIPOS DE MARCA,equipos_de_marca,CT,60.87,1186.96,1899.13,1899.13,1602.39,1602.39,1483.7,1424.35,https://static.ctonline.mx/imagenes/TLCVGO760/TLCVGO760_400.jpg,assets/img/catalog/TLCVGO760.jpg
TLCVGO770,"Tableta Vorago PAD-8-KIDS-RD 8"" ANDROID 13 QUADCORE 4GB 64GB IPS 2MP 5MP WIFI BT GMS FUNDA ROJA","Tableta Vorago PAD-8-KIDS-RD 8"" ANDROID 13 QUADCORE 4GB 64GB IPS 2MP 5MP WIFI BT GMS FUNDA ROJA. Clave Oficial CT: TLCVGO770. Marca: CT.",EQUIPOS DE MARCA,equipos_de_marca,CT,76.41,1490.05,2384.09,2384.09,2011.57,2011.57,1862.57,1788.07,https://static.ctonline.mx/imagenes/TLCVGO770/TLCVGO770_400.jpg,assets/img/catalog/TLCVGO770.jpg
TLCVGO730,"Tableta Vorago PAD-8-KIDS-BL 8"" ANDROID 13 QUADCORE 4GB 64GB IPS 2MP 5MP WIFI BT GMS FUNDA AZUL","Tableta Vorago PAD-8-KIDS-BL 8"" ANDROID 13 QUADCORE 4GB 64GB IPS 2MP 5MP WIFI BT GMS FUNDA AZUL. Clave Oficial CT: TLCVGO730. Marca: CT.",EQUIPOS DE MARCA,equipos_de_marca,CT,76.41,1490.05,2384.09,2384.09,2011.57,2011.57,1862.57,1788.07,https://static.ctonline.mx/imagenes/TLCVGO730/TLCVGO730_400.jpg,assets/img/catalog/TLCVGO730.jpg
TLCVGO750,"Tableta Vorago PAD-8-KIDS-PR 8"" ANDROID 13 QUADCORE 4GB 64GB IPS 2MP 5MP WIFI BT GMS FUNDA MORADA","Tableta Vorago PAD-8-KIDS-PR 8"" ANDROID 13 QUADCORE 4GB 64GB IPS 2MP 5MP WIFI BT GMS FUNDA MORADA. Clave Oficial CT: TLCVGO750. Marca: CT.",EQUIPOS DE MARCA,equipos_de_marca,CT,76.63,1494.29,2390.87,2390.87,2017.3,2017.3,1867.87,1793.15,https://static.ctonline.mx/imagenes/TLCVGO750/TLCVGO750_400.jpg,assets/img/catalog/TLCVGO750.jpg
SERCLO880,Certificado SSL Validación De Dominio CSSLDV,Certificado SSL Validación De Dominio CSSLDV. Clave Oficial CT: SERCLO880. Marca: CT.,EQUIPOS DE MARCA,equipos_de_marca,CT,82.78,1614.12,2582.59,2582.59,2179.06,2179.06,2017.65,1936.94,https://static.ctonline.mx/imagenes/SERCLO880/SERCLO880_400.jpg,assets/img/catalog/SERCLO880.jpg
SERCLO850,Registro De Dominio .Mx DOMMX,Registro De Dominio .Mx DOMMX. Clave Oficial CT: SERCLO850. Marca: CT.,EQUIPOS DE MARCA,equipos_de_marca,CT,376.25,7336.9,11739.03,11739.03,9904.81,9904.81,9171.12,8804.27,https://static.ctonline.mx/imagenes/SERCLO850/SERCLO850_400.jpg,assets/img/catalog/SERCLO850.jpg
SERCLO860,Registro De Dominio .Com DOMCOM,Registro De Dominio .Com DOMCOM. Clave Oficial CT: SERCLO860. Marca: CT.,EQUIPOS DE MARCA,equipos_de_marca,CT,483.75,9433.15,15093.04,15093.04,12734.75,12734.75,11791.44,11319.78,https://static.ctonline.mx/imagenes/SERCLO860/SERCLO860_400.jpg,assets/img/catalog/SERCLO860.jpg
SERCLO870,Ancho De Banda Adicional ANCBAN,Ancho De Banda Adicional ANCBAN. Clave Oficial CT: SERCLO870. Marca: CT.,EQUIPOS DE MARCA,equipos_de_marca,CT,784.75,15302.67,24484.27,24484.27,20658.6,20658.6,19128.33,18363.2,https://static.ctonline.mx/imagenes/SERCLO870/SERCLO870_400.jpg,assets/img/catalog/SERCLO870.jpg
SERCLO340,Solución de BackUp con Licenciamiento. 250GB de Backup en la nube NCBU250,Solución de BackUp con Licenciamiento. 250GB de Backup en la nube NCBU250. Clave Oficial CT: SERCLO340. Marca: CT.,EQUIPOS DE MARCA,equipos_de_marca,CT,1323.91,25816.23,41305.97,41305.97,34851.91,34851.91,32270.29,30979.47,https://static.ctonline.mx/imagenes/SERCLO340/SERCLO340_400.jpg,assets/img/catalog/SERCLO340.jpg
SERCLO230,1 usuario remoto Windows adicional para servidor virtual en la nube,1 usuario remoto Windows adicional para servidor virtual en la nube. Clave Oficial CT: SERCLO230. Marca: CT.,EQUIPOS DE MARCA,equipos_de_marca,CT,155.76,3037.24,4859.59,4859.59,4100.28,4100.28,3796.55,3644.69,https://static.ctonline.mx/imagenes/SERCLO230/SERCLO230_400.jpg,assets/img/catalog/SERCLO230.jpg
SERCLO550,Instalación y configuración base/básica del software en un servidor virtual IMYSQL,Instalación y configuración base/básica del software en un servidor virtual IMYSQL. Clave Oficial CT: SERCLO550. Marca: CT.,EQUIPOS DE MARCA,equipos_de_marca,CT,1720.0,33540.09,53664.15,53664.15,45279.12,45279.12,41925.12,40248.11,https://static.ctonline.mx/imagenes/SERCLO550/SERCLO550_400.jpg,assets/img/catalog/SERCLO550.jpg
SERCLO560,Instalación y configuración base del rol o software en un servidor virtual IFTPSFTP,Instalación y configuración base del rol o software en un servidor virtual IFTPSFTP. Clave Oficial CT: SERCLO560. Marca: CT.,EQUIPOS DE MARCA,equipos_de_marca,CT,1720.0,33540.09,53664.15,53664.15,45279.12,45279.12,41925.12,40248.11,https://static.ctonline.mx/imagenes/SERCLO560/SERCLO560_400.jpg,assets/img/catalog/SERCLO560.jpg
SERCLO570,Instalación y configuración base del rol en un servidor virtual Windows IIIS,Instalación y configuración base del rol en un servidor virtual Windows IIIS. Clave Oficial CT: SERCLO570. Marca: CT.,EQUIPOS DE MARCA,equipos_de_marca,CT,1720.0,33540.09,53664.15,53664.15,45279.12,45279.12,41925.12,40248.11,https://static.ctonline.mx/imagenes/SERCLO570/SERCLO570_400.jpg,assets/img/catalog/SERCLO570.jpg
SERCLO580,"Cliente VPN instalado en un equipo local del cliente el cual establece un túnel de comunicación segura al servidor virtual en la nube, incluye manual de instalación y configuración. VPNCS","Cliente VPN instalado en un equipo local del cliente el cual establece un túnel de comunicación segura al servidor virtual en la nube, incluye manual de instalación y configuración. VPNCS. Clave Oficial CT: SERCLO580. Marca: CT.",EQUIPOS DE MARCA,equipos_de_marca,CT,238.89,4658.3,7453.28,7453.28,6288.7,6288.7,5822.87,5589.96,https://static.ctonline.mx/imagenes/SERCLO580/SERCLO580_400.jpg,assets/img/catalog/SERCLO580.jpg
SERCLO590,Validación y configuración de un túnel de comunicación segura VPN de un equipo de redes (Firewall). Las configuraciones incluyen pruebas de funcionalidad en conjunto al cliente. VPNSTS,Validación y configuración de un túnel de comunicación segura VPN de un equipo de redes (Firewall). Las configuraciones incluyen pruebas de funcionalidad en conjunto al cliente. VPNSTS. Clave Oficial CT: SERCLO590. Marca: CT.,EQUIPOS DE MARCA,equipos_de_marca,CT,1702.8,33204.69,53127.51,53127.51,44826.33,44826.33,41505.86,39845.63,https://static.ctonline.mx/imagenes/SERCLO590/SERCLO590_400.jpg,assets/img/catalog/SERCLO590.jpg
SERCLO600,Certificado SSL para la protección de un solo dominio/subdominio (No incluye dominio) CSSLSTD,Certificado SSL para la protección de un solo dominio/subdominio (No incluye dominio) CSSLSTD. Clave Oficial CT: SERCLO600. Marca: CT.,EQUIPOS DE MARCA,equipos_de_marca,CT,2866.67,55900.15,89440.25,89440.25,75465.21,75465.21,69875.19,67080.18,https://static.ctonline.mx/imagenes/SERCLO600/SERCLO600_400.jpg,assets/img/catalog/SERCLO600.jpg
SERCLO610,Certificado SSL para la protección de todos los subdominios de un dominio (No incluye dominio) CSSLWDCD,Certificado SSL para la protección de todos los subdominios de un dominio (No incluye dominio) CSSLWDCD. Clave Oficial CT: SERCLO610. Marca: CT.,EQUIPOS DE MARCA,equipos_de_marca,CT,10300.92,200867.89,321388.62,321388.62,271171.65,271171.65,251084.86,241041.46,https://static.ctonline.mx/imagenes/SERCLO610/SERCLO610_400.jpg,assets/img/catalog/SERCLO610.jpg
SERCLO620,"Licencia 1 Usuario BD SQL Estándar, licencia  únicamente para servidores CT CLOUD UBDSQLEST","Licencia 1 Usuario BD SQL Estándar, licencia  únicamente para servidores CT CLOUD UBDSQLEST. Clave Oficial CT: SERCLO620. Marca: CT.",EQUIPOS DE MARCA,equipos_de_marca,CT,477.78,9316.69,14906.71,14906.71,12577.53,12577.53,11645.87,11180.03,https://static.ctonline.mx/imagenes/SERCLO620/SERCLO620_400.jpg,assets/img/catalog/SERCLO620.jpg
SERCLO630,Licenciamiento SQL ESTANDAR por core para servidores virtuales alojados en CT CLOUD NCSQLCORE,Licenciamiento SQL ESTANDAR por core para servidores virtuales alojados en CT CLOUD NCSQLCORE. Clave Oficial CT: SERCLO630. Marca: CT.,EQUIPOS DE MARCA,equipos_de_marca,CT,1990.91,38822.66,62116.25,62116.25,52410.59,52410.59,48528.32,46587.19,https://static.ctonline.mx/imagenes/SERCLO630/SERCLO630_400.jpg,assets/img/catalog/SERCLO630.jpg
SERCLO640,"Backup de 100GB en la nube, únicamente para un solo equipo físico o virtual. Incluye: Una licencia para respaldo, un respaldo diario con retención de 7 días y obtención de respaldo incluido. Sin recuperación en la Nube. NCBU100GB","Backup de 100GB en la nube, únicamente para un solo equipo físico o virtual. Incluye: Una licencia para respaldo, un respaldo diario con retención de 7 días y obtención de respaldo incluido. Sin recuperación en la Nube. NCBU100GB. Clave Oficial CT: SERCLO640. Marca: CT.",EQUIPOS DE MARCA,equipos_de_marca,CT,767.77,14971.45,23954.31,23954.31,20211.45,20211.45,18714.31,17965.74,https://static.ctonline.mx/imagenes/SERCLO640/SERCLO640_400.jpg,assets/img/catalog/SERCLO640.jpg
SERCLO650,"Backup de 200GB en la nube, únicamente para un solo equipo físico o virtual. Incluye: Una licencia para respaldo, un respaldo diario con retención de 7 días y obtención de respaldo incluido. Sin recuperación en la Nube. NCBU200GB","Backup de 200GB en la nube, únicamente para un solo equipo físico o virtual. Incluye: Una licencia para respaldo, un respaldo diario con retención de 7 días y obtención de respaldo incluido. Sin recuperación en la Nube. NCBU200GB. Clave Oficial CT: SERCLO650. Marca: CT.",EQUIPOS DE MARCA,equipos_de_marca,CT,918.53,17911.29,28658.07,28658.07,24180.25,24180.25,22389.12,21493.55,https://static.ctonline.mx/imagenes/SERCLO650/SERCLO650_400.jpg,assets/img/catalog/SERCLO650.jpg
SERCLO660,"Backup de 300GB en la nube, únicamente para un solo equipo físico o virtual. Incluye: Una licencia para respaldo, un respaldo diario con retención de 7 días y obtención de respaldo incluido. Sin recuperación en la Nube. NCBU300GB","Backup de 300GB en la nube, únicamente para un solo equipo físico o virtual. Incluye: Una licencia para respaldo, un respaldo diario con retención de 7 días y obtención de respaldo incluido. Sin recuperación en la Nube. NCBU300GB. Clave Oficial CT: SERCLO660. Marca: CT.",EQUIPOS DE MARCA,equipos_de_marca,CT,1058.12,20633.38,33013.4,33013.4,27855.06,27855.06,25791.72,24760.05,https://static.ctonline.mx/imagenes/SERCLO660/SERCLO660_400.jpg,assets/img/catalog/SERCLO660.jpg
SERCLO670,"Backup de 400GB en la nube, únicamente para un solo equipo físico o virtual. Incluye: Una licencia para respaldo, un respaldo diario con retención de 7 días y obtención de respaldo incluido. Sin recuperación en la Nube. NCBU400GB","Backup de 400GB en la nube, únicamente para un solo equipo físico o virtual. Incluye: Una licencia para respaldo, un respaldo diario con retención de 7 días y obtención de respaldo incluido. Sin recuperación en la Nube. NCBU400GB. Clave Oficial CT: SERCLO670. Marca: CT.",EQUIPOS DE MARCA,equipos_de_marca,CT,1179.57,23001.59,36802.54,36802.54,31052.14,31052.14,28751.98,27601.9,https://static.ctonline.mx/imagenes/SERCLO670/SERCLO670_400.jpg,assets/img/catalog/SERCLO670.jpg
SERCLO680,"Backup de 500GB en la nube, únicamente para un solo equipo físico o virtual. Incluye: Una licencia para respaldo, un respaldo diario con retención de 7 días y obtención de respaldo incluido. Sin recuperación en la Nube. NCBU500GB","Backup de 500GB en la nube, únicamente para un solo equipo físico o virtual. Incluye: Una licencia para respaldo, un respaldo diario con retención de 7 días y obtención de respaldo incluido. Sin recuperación en la Nube. NCBU500GB. Clave Oficial CT: SERCLO680. Marca: CT.",EQUIPOS DE MARCA,equipos_de_marca,CT,1326.14,25859.77,41375.63,41375.63,34910.69,34910.69,32324.71,31031.73,https://static.ctonline.mx/imagenes/SERCLO680/SERCLO680_400.jpg,assets/img/catalog/SERCLO680.jpg
SERCLO690,"Backup de 600GB en la nube, únicamente para un solo equipo físico o virtual. Incluye: Una licencia para respaldo, un respaldo diario con retención de 7 días y obtención de respaldo incluido. Sin recuperación en la Nube. NCBU600GB","Backup de 600GB en la nube, únicamente para un solo equipo físico o virtual. Incluye: Una licencia para respaldo, un respaldo diario con retención de 7 días y obtención de respaldo incluido. Sin recuperación en la Nube. NCBU600GB. Clave Oficial CT: SERCLO690. Marca: CT.",EQUIPOS DE MARCA,equipos_de_marca,CT,1439.21,28064.66,44903.45,44903.45,37887.29,37887.29,35080.82,33677.59,https://static.ctonline.mx/imagenes/SERCLO690/SERCLO690_400.jpg,assets/img/catalog/SERCLO690.jpg
SERCLO700,"Backup de 700GB en la nube, únicamente para un solo equipo físico o virtual. Incluye: Una licencia para respaldo, un respaldo diario con retención de 7 días y obtención de respaldo incluido. Sin recuperación en la Nube. NCBU700GB","Backup de 700GB en la nube, únicamente para un solo equipo físico o virtual. Incluye: Una licencia para respaldo, un respaldo diario con retención de 7 días y obtención de respaldo incluido. Sin recuperación en la Nube. NCBU700GB. Clave Oficial CT: SERCLO700. Marca: CT.",EQUIPOS DE MARCA,equipos_de_marca,CT,1552.28,30269.54,48431.27,48431.27,40863.88,40863.88,37836.93,36323.45,https://static.ctonline.mx/imagenes/SERCLO700/SERCLO700_400.jpg,assets/img/catalog/SERCLO700.jpg
SERCLO710,"Backup de 800GB en la nube, únicamente para un solo equipo físico o virtual. Incluye: Una licencia para respaldo, un respaldo diario con retención de 7 días y obtención de respaldo incluido. Sin recuperación en la Nube. NCBU800GB","Backup de 800GB en la nube, únicamente para un solo equipo físico o virtual. Incluye: Una licencia para respaldo, un respaldo diario con retención de 7 días y obtención de respaldo incluido. Sin recuperación en la Nube. NCBU800GB. Clave Oficial CT: SERCLO710. Marca: CT.",EQUIPOS DE MARCA,equipos_de_marca,CT,1694.67,33046.07,52873.71,52873.71,44612.19,44612.19,41307.58,39655.28,https://static.ctonline.mx/imagenes/SERCLO710/SERCLO710_400.jpg,assets/img/catalog/SERCLO710.jpg
SERCLO720,"Backup de 900GB en la nube, únicamente para un solo equipo físico o virtual. Incluye: Una licencia para respaldo, un respaldo diario con retención de 7 días y obtención de respaldo incluido. Sin recuperación en la Nube. NCBU900GB","Backup de 900GB en la nube, únicamente para un solo equipo físico o virtual. Incluye: Una licencia para respaldo, un respaldo diario con retención de 7 días y obtención de respaldo incluido. Sin recuperación en la Nube. NCBU900GB. Clave Oficial CT: SERCLO720. Marca: CT.",EQUIPOS DE MARCA,equipos_de_marca,CT,1842.64,35931.47,57490.36,57490.36,48507.49,48507.49,44914.34,43117.77,https://static.ctonline.mx/imagenes/SERCLO720/SERCLO720_400.jpg,assets/img/catalog/SERCLO720.jpg
SERCLO730,"Backup de 1TB en la nube, únicamente para un solo equipo físico o virtual. Incluye: Una licencia para respaldo, un respaldo diario con retención de 7 días y obtención de respaldo incluido. Sin recuperación en la Nube. NCBU1TB","Backup de 1TB en la nube, únicamente para un solo equipo físico o virtual. Incluye: Una licencia para respaldo, un respaldo diario con retención de 7 días y obtención de respaldo incluido. Sin recuperación en la Nube. NCBU1TB. Clave Oficial CT: SERCLO730. Marca: CT.",EQUIPOS DE MARCA,equipos_de_marca,CT,2024.11,39470.18,63152.28,63152.28,53284.74,53284.74,49337.72,47364.21,https://static.ctonline.mx/imagenes/SERCLO730/SERCLO730_400.jpg,assets/img/catalog/SERCLO730.jpg
SERCLO740,"Backup de 2TB en la nube, únicamente para un solo equipo físico o virtual. Incluye: Una licencia para respaldo, un respaldo diario con retención de 7 días y obtención de respaldo incluido. Sin recuperación en la Nube. NCBU2TB","Backup de 2TB en la nube, únicamente para un solo equipo físico o virtual. Incluye: Una licencia para respaldo, un respaldo diario con retención de 7 días y obtención de respaldo incluido. Sin recuperación en la Nube. NCBU2TB. Clave Oficial CT: SERCLO740. Marca: CT.",EQUIPOS DE MARCA,equipos_de_marca,CT,3773.67,73586.57,117738.51,117738.51,99341.86,99341.86,91983.21,88303.88,https://static.ctonline.mx/imagenes/SERCLO740/SERCLO740_400.jpg,assets/img/catalog/SERCLO740.jpg
SERCLO750,"Backup de 3TB en la nube, únicamente para un solo equipo físico o virtual. Incluye: Una licencia para respaldo, un respaldo diario con retención de 7 días y obtención de respaldo incluido. Sin recuperación en la Nube. NCBU3TB","Backup de 3TB en la nube, únicamente para un solo equipo físico o virtual. Incluye: Una licencia para respaldo, un respaldo diario con retención de 7 días y obtención de respaldo incluido. Sin recuperación en la Nube. NCBU3TB. Clave Oficial CT: SERCLO750. Marca: CT.",EQUIPOS DE MARCA,equipos_de_marca,CT,5456.28,106397.44,170235.91,170235.91,143636.55,143636.55,132996.81,127676.93,https://static.ctonline.mx/imagenes/SERCLO750/SERCLO750_400.jpg,assets/img/catalog/SERCLO750.jpg
SERCLO760,"Backup de 4TB en la nube, únicamente para un solo equipo físico o virtual. Incluye: Una licencia para respaldo, un respaldo diario con retención de 7 días y obtención de respaldo incluido. Sin recuperación en la Nube. NCBU4TB","Backup de 4TB en la nube, únicamente para un solo equipo físico o virtual. Incluye: Una licencia para respaldo, un respaldo diario con retención de 7 días y obtención de respaldo incluido. Sin recuperación en la Nube. NCBU4TB. Clave Oficial CT: SERCLO760. Marca: CT.",EQUIPOS DE MARCA,equipos_de_marca,CT,7139.26,139215.51,222744.81,222744.81,187940.94,187940.94,174019.39,167058.61,https://static.ctonline.mx/imagenes/SERCLO760/SERCLO760_400.jpg,assets/img/catalog/SERCLO760.jpg
SERCLO770,"Backup de 5TB en la nube, únicamente para un solo equipo físico o virtual. Incluye: Una licencia para respaldo, un respaldo diario con retención de 7 días y obtención de respaldo incluido. Sin recuperación en la Nube. NCBU5TB","Backup de 5TB en la nube, únicamente para un solo equipo físico o virtual. Incluye: Una licencia para respaldo, un respaldo diario con retención de 7 días y obtención de respaldo incluido. Sin recuperación en la Nube. NCBU5TB. Clave Oficial CT: SERCLO770. Marca: CT.",EQUIPOS DE MARCA,equipos_de_marca,CT,8821.5,172019.2,275230.72,275230.72,232225.92,232225.92,215024.0,206423.04,https://static.ctonline.mx/imagenes/SERCLO770/SERCLO770_400.jpg,assets/img/catalog/SERCLO770.jpg
SERCLO780,"Backup de 6TB en la nube, únicamente para un solo equipo físico o virtual. Incluye: Una licencia para respaldo, un respaldo diario con retención de 7 días y obtención de respaldo incluido. Sin recuperación en la Nube. NCBU6TB","Backup de 6TB en la nube, únicamente para un solo equipo físico o virtual. Incluye: Una licencia para respaldo, un respaldo diario con retención de 7 días y obtención de respaldo incluido. Sin recuperación en la Nube. NCBU6TB. Clave Oficial CT: SERCLO780. Marca: CT.",EQUIPOS DE MARCA,equipos_de_marca,CT,10504.11,204830.08,327728.13,327728.13,276520.61,276520.61,256037.6,245796.09,https://static.ctonline.mx/imagenes/SERCLO780/SERCLO780_400.jpg,assets/img/catalog/SERCLO780.jpg
SERCLO790,"Backup de 7TB en la nube, únicamente para un solo equipo físico o virtual. Incluye: Una licencia para respaldo, un respaldo diario con retención de 7 días y obtención de respaldo incluido. Sin recuperación en la Nube. NCBU7TB","Backup de 7TB en la nube, únicamente para un solo equipo físico o virtual. Incluye: Una licencia para respaldo, un respaldo diario con retención de 7 días y obtención de respaldo incluido. Sin recuperación en la Nube. NCBU7TB. Clave Oficial CT: SERCLO790. Marca: CT.",EQUIPOS DE MARCA,equipos_de_marca,CT,12186.72,237640.96,380225.53,380225.53,320815.29,320815.29,297051.2,285169.15,https://static.ctonline.mx/imagenes/SERCLO790/SERCLO790_400.jpg,assets/img/catalog/SERCLO790.jpg
SERCLO800,"Backup de 8TB en la nube, únicamente para un solo equipo físico o virtual. Incluye: Una licencia para respaldo, un respaldo diario con retención de 7 días y obtención de respaldo incluido. Sin recuperación en la Nube. NCBU8TB","Backup de 8TB en la nube, únicamente para un solo equipo físico o virtual. Incluye: Una licencia para respaldo, un respaldo diario con retención de 7 días y obtención de respaldo incluido. Sin recuperación en la Nube. NCBU8TB. Clave Oficial CT: SERCLO800. Marca: CT.",EQUIPOS DE MARCA,equipos_de_marca,CT,13869.32,270451.84,432722.94,432722.94,365109.98,365109.98,338064.79,324542.2,https://static.ctonline.mx/imagenes/SERCLO800/SERCLO800_400.jpg,assets/img/catalog/SERCLO800.jpg
SERCLO810,"Backup de 9TB en la nube, únicamente para un solo equipo físico o virtual. Incluye: Una licencia para respaldo, un respaldo diario con retención de 7 días y obtención de respaldo incluido. Sin recuperación en la Nube. NCBU9TB","Backup de 9TB en la nube, únicamente para un solo equipo físico o virtual. Incluye: Una licencia para respaldo, un respaldo diario con retención de 7 días y obtención de respaldo incluido. Sin recuperación en la Nube. NCBU9TB. Clave Oficial CT: SERCLO810. Marca: CT.",EQUIPOS DE MARCA,equipos_de_marca,CT,15551.93,303262.71,485220.34,485220.34,409404.66,409404.66,379078.39,363915.26,https://static.ctonline.mx/imagenes/SERCLO810/SERCLO810_400.jpg,assets/img/catalog/SERCLO810.jpg
SERCLO820,"Backup de 10TB en la nube, únicamente para un solo equipo físico o virtual. Incluye: Una licencia para respaldo, un respaldo diario con retención de 7 días y obtención de respaldo incluido. Sin recuperación en la Nube. NCBU10TB","Backup de 10TB en la nube, únicamente para un solo equipo físico o virtual. Incluye: Una licencia para respaldo, un respaldo diario con retención de 7 días y obtención de respaldo incluido. Sin recuperación en la Nube. NCBU10TB. Clave Oficial CT: SERCLO820. Marca: CT.",EQUIPOS DE MARCA,equipos_de_marca,CT,17234.54,336073.59,537717.75,537717.75,453699.35,453699.35,420091.99,403288.31,https://static.ctonline.mx/imagenes/SERCLO820/SERCLO820_400.jpg,assets/img/catalog/SERCLO820.jpg
SERCLO830,"Licencia o agente adicional, exclusiva para Backup en nube Nephos IT. NCBULIC","Licencia o agente adicional, exclusiva para Backup en nube Nephos IT. NCBULIC. Clave Oficial CT: SERCLO830. Marca: CT.",EQUIPOS DE MARCA,equipos_de_marca,CT,517.0,10081.5,16130.4,16130.4,13610.03,13610.03,12601.88,12097.8,https://static.ctonline.mx/imagenes/SERCLO830/SERCLO830_400.jpg,assets/img/catalog/SERCLO830.jpg
SERCLO840,Backup Personalizado con recursos y licencias específicas. Obtención de respaldo incluido. Sin recuperación en la Nube. NCBUPER,Backup Personalizado con recursos y licencias específicas. Obtención de respaldo incluido. Sin recuperación en la Nube. NCBUPER. Clave Oficial CT: SERCLO840. Marca: CT.,EQUIPOS DE MARCA,equipos_de_marca,CT,3073.54,59934.12,95894.59,95894.59,80911.06,80911.06,74917.65,71920.94,https://static.ctonline.mx/imagenes/SERCLO840/SERCLO840_400.jpg,assets/img/catalog/SERCLO840.jpg
SERCLO900,Actualización de sistema operativo Windows 2016 a 2022 ACTWIN,Actualización de sistema operativo Windows 2016 a 2022 ACTWIN. Clave Oficial CT: SERCLO900. Marca: CT.,EQUIPOS DE MARCA,equipos_de_marca,CT,1466.67,28600.0,45760.0,45760.0,38610.0,38610.0,35750.0,34320.0,https://static.ctonline.mx/imagenes/SERCLO900/SERCLO900_400.jpg,assets/img/catalog/SERCLO900.jpg
VDICLO010,"Backup de 10TB en la nube, únicamente para un solo equipo físico o virtual. Incluye: Una licencia para respaldo, un respaldo diario con retención de 7 días y obtención de respaldo incluido. Sin recuperación en la Nube. NCBU10TB","Backup de 10TB en la nube, únicamente para un solo equipo físico o virtual. Incluye: Una licencia para respaldo, un respaldo diario con retención de 7 días y obtención de respaldo incluido. Sin recuperación en la Nube. NCBU10TB. Clave Oficial CT: VDICLO010. Marca: CT.",EQUIPOS DE MARCA,equipos_de_marca,CT,2115.06,41243.65,65989.85,65989.85,55678.93,55678.93,51554.57,49492.39,https://static.ctonline.mx/imagenes/VDICLO010/VDICLO010_400.jpg,assets/img/catalog/VDICLO010.jpg
VDICLO020,"Licencia o agente adicional, exclusiva para Backup en nube Nephos IT. NCBULIC","Licencia o agente adicional, exclusiva para Backup en nube Nephos IT. NCBULIC. Clave Oficial CT: VDICLO020. Marca: CT.",EQUIPOS DE MARCA,equipos_de_marca,CT,3086.42,60185.19,96296.3,96296.3,81250.0,81250.0,75231.48,72222.22,https://static.ctonline.mx/imagenes/VDICLO020/VDICLO020_400.jpg,assets/img/catalog/VDICLO020.jpg
VDICLO030,Backup Personalizado con recursos y licencias específicas. Obtención de respaldo incluido. Sin recuperación en la Nube. NCBUPER,Backup Personalizado con recursos y licencias específicas. Obtención de respaldo incluido. Sin recuperación en la Nube. NCBUPER. Clave Oficial CT: VDICLO030. Marca: CT.,EQUIPOS DE MARCA,equipos_de_marca,CT,4320.99,84259.26,134814.81,134814.81,113750.0,113750.0,105324.07,101111.11,https://static.ctonline.mx/imagenes/VDICLO030/VDICLO030_400.jpg,assets/img/catalog/VDICLO030.jpg
SERCLO890,"Backup de 1.5TB  en la nube, únicamente para un solo equipo físico o virtual. Incluye: Una licencia para respaldo, un respaldo diario con retención de 7 días y obtención de respaldo incluido. Sin recuperación en la Nube. NCB1.5GB","Backup de 1.5TB  en la nube, únicamente para un solo equipo físico o virtual. Incluye: Una licencia para respaldo, un respaldo diario con retención de 7 días y obtención de respaldo incluido. Sin recuperación en la Nube. NCB1.5GB. Clave Oficial CT: SERCLO890. Marca: CT.",EQUIPOS DE MARCA,equipos_de_marca,CT,2044.44,39866.67,63786.67,63786.67,53820.0,53820.0,49833.33,47840.0,https://static.ctonline.mx/imagenes/SERCLO890/SERCLO890_400.jpg,assets/img/catalog/SERCLO890.jpg
