sku,nombre,descripcion_completa,categoria_ct,marca,costo_base,precio_mxn,precio_original,img,brand_logo,ficha_url,costo_proveedor_mxn,precio,precio_mayoreo_10pzs,margen_aplicado,img_local,img_cdn,categoria_clasificada,utilidad_neta_minima,local_img
VENBEQ190,be quiet! Enfriador Liquido PURO LOOP 2 FX 280mm BW014,be quiet! Enfriador Liquido PURO LOOP 2 FX 280mm BW014,COMPONENTES DE ENSAMBLE,BE,120.87,3181.82,3771.04,https://static.ctonline.mx/imagenes/VENBEQ190/VENBEQ190_400.jpg,https://static.ctonline.mx/marcas/png/BE.png,https://ctonline.mx/buscar/productos?b=VENBEQ190,2356.9,3181.82,2828.28,35%,assets/img/catalog/VENBEQ190.jpg,https://static.ctonline.mx/imagenes/VENBEQ190/VENBEQ190_400.jpg,linea_blanca,20% garantizado sobre proveedor,https://static.ctonline.mx/imagenes/VENBEQ190/VENBEQ190_400.jpg
VENBEQ210,be quiet! Enfriador Liquido PURO LOOP 2 240mm BW017,be quiet! Enfriador Liquido PURO LOOP 2 240mm BW017,COMPONENTES DE ENSAMBLE,BE,80.17,2110.39,2501.2,https://static.ctonline.mx/imagenes/VENBEQ210/VENBEQ210_400.jpg,https://static.ctonline.mx/marcas/png/BE.png,https://ctonline.mx/buscar/productos?b=VENBEQ210,1563.25,2110.39,1875.9,35%,assets/img/catalog/VENBEQ210.jpg,https://static.ctonline.mx/imagenes/VENBEQ210/VENBEQ210_400.jpg,linea_blanca,20% garantizado sobre proveedor,https://static.ctonline.mx/imagenes/VENBEQ210/VENBEQ210_400.jpg
AIRLGE680,"Aire Acondicionado LG ON/OFF 1 TON MT122C0  Enfriamiento, 11,000 BTU/h, Compresor convencional 230V/60Hz. Solio Frio. Fu","Aire Acondicionado LG ON/OFF 1 TON MT122C0  Enfriamiento, 11,000 BTU/h, Compresor convencional 230V/60Hz. Solio Frio. Funciones: Jet Mode, Oscilación automática, Smart diagnosis, Reinicio automático, Dual Sensing, Smart operation. 5 años de Garantía en compresor, 1 año en resto de sus partes. Color. Blanco. Control Remoto. Si. Medidas Caja Evaporadora: Peso: 7.8kg. Ancho 850mm, x Alto 320mm x Profundo 260mm. Medidas Caja Condensadora: Peso: 24.5kg. Ancho 830mm, x Alto 588mm x Profundo 340mm. (Incluye flete de CEDIS a sucursal CT)",LINEA BLANCA,AIRE,4516.67,6097.5,7226.67,https://static.ctonline.mx/imagenes/AIRLGE680/AIRLGE680_400.jpg,https://static.ctonline.mx/marcas/png/AIRE.png,https://ctonline.mx/buscar/productos?b=AIRLGE680,4516.67,6097.5,5420.0,35%,assets/img/catalog/AIRLGE680.jpg,https://static.ctonline.mx/imagenes/AIRLGE680/AIRLGE680_400.jpg,linea_blanca,20% garantizado sobre proveedor,https://static.ctonline.mx/imagenes/AIRLGE680/AIRLGE680_400.jpg
AIRLGE580,"Minisplit LG Dual Sensing VO121C1 Inverter, Enfriamiento, 12,000 BTU/h, 1 TON. Compresor Dual Inverter, 115V/60Hz. Solo ","Minisplit LG Dual Sensing VO121C1 Inverter, Enfriamiento, 12,000 BTU/h, 1 TON. Compresor Dual Inverter, 115V/60Hz. Solo frio. Fast cooling, Smart diagnosis, Color. Blanco. Tipo de pantalla LCD. Funciones: Modo sueño, Oscilación automatica en 4 vías, Smart operation. Reinicio automatico, Smart diagnosis. Control Remoto. Si. Medidas y Peso del Equipo: Peso: 8.6kg. Ancho 850mm, x Alto 325mm x Profundo 225mm. Medidas y Peso del Compresor: Peso: 25kg. Ancho 775mm, x Alto 530mm x Profundo 340mm. Garantia 3 años en compresor, 1 año en equipo.",LINEA BLANCA,MINISPLIT,5183.33,6997.5,8293.33,https://static.ctonline.mx/imagenes/AIRLGE580/AIRLGE580_400.jpg,https://static.ctonline.mx/marcas/png/MINISPLIT.png,https://ctonline.mx/buscar/productos?b=AIRLGE580,5183.33,6997.5,6220.0,35%,assets/img/catalog/AIRLGE580.jpg,https://static.ctonline.mx/imagenes/AIRLGE580/AIRLGE580_400.jpg,linea_blanca,20% garantizado sobre proveedor,https://static.ctonline.mx/imagenes/AIRLGE580/AIRLGE580_400.jpg
AIRLGE590,"Minisplit LG Dual Sensing VO121H1 Inverter, Enfriamiento, 12,000 BTU/h, 1 TON. Compresor Dual Inverter, 115V/60Hz. Frio ","Minisplit LG Dual Sensing VO121H1 Inverter, Enfriamiento, 12,000 BTU/h, 1 TON. Compresor Dual Inverter, 115V/60Hz. Frio / Calor. Fast cooling, Smart diagnosis, Color. Blanco. Tipo de pantalla LCD. Funciones: Modo sueño, Oscilación automatica en 4 vías, Smart operation. Reinicio automatico, Smart diagnosis. Control Remoto. Si. Medidas y Peso del Equipo: Peso: 8.6kg. Ancho 850mm, x Alto 325mm x Profundo 225mm. Medidas y Peso del Compresor: Peso: 25.5kg. Ancho 770mm, x Alto 530mm x Profundo 340mm. Garantia 3 años en compresor, 1 año en equipo.",LINEA BLANCA,MINISPLIT,5433.33,7335.0,8693.33,https://static.ctonline.mx/imagenes/AIRLGE590/AIRLGE590_400.jpg,https://static.ctonline.mx/marcas/png/MINISPLIT.png,https://ctonline.mx/buscar/productos?b=AIRLGE590,5433.33,7335.0,6520.0,35%,assets/img/catalog/AIRLGE590.jpg,https://static.ctonline.mx/imagenes/AIRLGE590/AIRLGE590_400.jpg,linea_blanca,20% garantizado sobre proveedor,https://static.ctonline.mx/imagenes/AIRLGE590/AIRLGE590_400.jpg
AIRLGE600,"Minisplit LG Dual Sensing VO122C1 Inverter, Enfriamiento, 12,000 BTU/h, 1 TON. Compresor Dual Inverter, 230V/60Hz. Solo ","Minisplit LG Dual Sensing VO122C1 Inverter, Enfriamiento, 12,000 BTU/h, 1 TON. Compresor Dual Inverter, 230V/60Hz. Solo frio. Fast cooling, Smart diagnosis, Color. Blanco. Tipo de pantalla LCD. Funciones: Modo sueño, Oscilación automatica en 4 vías, Smart operation. Reinicio automatico, Smart diagnosis. Control Remoto. Si. Medidas y Peso del Equipo: Peso: 8.6kg. Ancho 850mm, x Alto 325mm x Profundo 225mm. Medidas y Peso del Compresor: Peso: 22kg. Ancho 770mm, x Alto 530mm x Profundo 340mm. Garantia 3 años en compresor, 1 año en equipo.",LINEA BLANCA,MINISPLIT,5683.33,7672.5,9093.33,https://static.ctonline.mx/imagenes/AIRLGE600/AIRLGE600_400.jpg,https://static.ctonline.mx/marcas/png/MINISPLIT.png,https://ctonline.mx/buscar/productos?b=AIRLGE600,5683.33,7672.5,6820.0,35%,assets/img/catalog/AIRLGE600.jpg,https://static.ctonline.mx/imagenes/AIRLGE600/AIRLGE600_400.jpg,linea_blanca,20% garantizado sobre proveedor,https://static.ctonline.mx/imagenes/AIRLGE600/AIRLGE600_400.jpg
AIRLGE610,"Minisplit LG Dual Sensing VO122H1 Inverter, Enfriamiento, 12,000 BTU/h, 1 TON. Compresor Dual Inverter, 230V/60Hz. Frio ","Minisplit LG Dual Sensing VO122H1 Inverter, Enfriamiento, 12,000 BTU/h, 1 TON. Compresor Dual Inverter, 230V/60Hz. Frio / Calor. Fast cooling, Smart diagnosis, Color. Blanco. Tipo de pantalla LCD. Funciones: Modo sueño, Oscilación automatica en 4 vías, Smart operation. Reinicio automatico, Smart diagnosis. Control Remoto. Si. Medidas y Peso del Equipo: Peso: 8.6kg. Ancho 850mm, x Alto 325mm x Profundo 225mm. Medidas y Peso del Compresor: Peso: 23.5kg. Ancho 770mm, x Alto 530mm x Profundo 340mm. Garantia 3 años en compresor, 1 año en equipo.",LINEA BLANCA,MINISPLIT,5850.0,7897.5,9360.0,https://static.ctonline.mx/imagenes/AIRLGE610/AIRLGE610_400.jpg,https://static.ctonline.mx/marcas/png/MINISPLIT.png,https://ctonline.mx/buscar/productos?b=AIRLGE610,5850.0,7897.5,7020.0,35%,assets/img/catalog/AIRLGE610.jpg,https://static.ctonline.mx/imagenes/AIRLGE610/AIRLGE610_400.jpg,linea_blanca,20% garantizado sobre proveedor,https://static.ctonline.mx/imagenes/AIRLGE610/AIRLGE610_400.jpg
AIRLGE620,"Minisplit LG Dual Sensing VO182C1 Inverter, Enfriamiento, 18,000 BTU/h, 1.5 TON. Compresor Dual Inverter, 230V/60Hz. Sol","Minisplit LG Dual Sensing VO182C1 Inverter, Enfriamiento, 18,000 BTU/h, 1.5 TON. Compresor Dual Inverter, 230V/60Hz. Solo frio. Fast cooling, Smart diagnosis, Color. Blanco. Tipo de pantalla LCD. Funciones: Modo sueño, Oscilación automatica en 4 vías, Smart operation. Reinicio automatico, Smart diagnosis. Control Remoto. Si. Medidas y Peso del Equipo: Peso: 12kg. Ancho 960mm, x Alto 365mm x Profundo 300mm. Medidas y Peso del Compresor: Peso: 29kg. Ancho 830mm, x Alto 600mm x Profundo 335mm. Garantia 3 años en compresor, 1 año en equipo.",LINEA BLANCA,MINISPLIT,7766.67,10485.0,12426.67,https://static.ctonline.mx/imagenes/AIRLGE620/AIRLGE620_400.jpg,https://static.ctonline.mx/marcas/png/MINISPLIT.png,https://ctonline.mx/buscar/productos?b=AIRLGE620,7766.67,10485.0,9320.0,35%,assets/img/catalog/AIRLGE620.jpg,https://static.ctonline.mx/imagenes/AIRLGE620/AIRLGE620_400.jpg,linea_blanca,20% garantizado sobre proveedor,https://static.ctonline.mx/imagenes/AIRLGE620/AIRLGE620_400.jpg
AIRLGE630,"Minisplit LG Dual Sensing VO182H1 Inverter, Enfriamiento, 18,000 BTU/h, 1.5 TON. Compresor Dual Inverter, 230V/60Hz. Fri","Minisplit LG Dual Sensing VO182H1 Inverter, Enfriamiento, 18,000 BTU/h, 1.5 TON. Compresor Dual Inverter, 230V/60Hz. Frio / Calor. Fast cooling, Smart diagnosis, Color. Blanco. Tipo de pantalla LCD. Funciones: Modo sueño, Oscilación automatica en 4 vías, Smart operation. Reinicio automatico, Smart diagnosis. Control Remoto. Si. Medidas y Peso del Equipo: Peso: 12kg. Ancho 960mm, x Alto 365mm x Profundo 300mm. Medidas y Peso del Compresor: Peso: 36kg. Ancho 940mm, x Alto 630mm x Profundo 385mm. Garantia 3 años en compresor, 1 año en equipo.",LINEA BLANCA,MINISPLIT,7463.33,10075.5,11941.33,https://static.ctonline.mx/imagenes/AIRLGE630/AIRLGE630_400.jpg,https://static.ctonline.mx/marcas/png/MINISPLIT.png,https://ctonline.mx/buscar/productos?b=AIRLGE630,7463.33,10075.5,8956.0,35%,assets/img/catalog/AIRLGE630.jpg,https://static.ctonline.mx/imagenes/AIRLGE630/AIRLGE630_400.jpg,linea_blanca,20% garantizado sobre proveedor,https://static.ctonline.mx/imagenes/AIRLGE630/AIRLGE630_400.jpg
AIRLGE640,"Minisplit LG Dual Sensing VO242C1 Inverter, Enfriamiento, 24,000 BTU/h, 2 TON. Compresor Dual Inverter, 230V/60Hz. Solo ","Minisplit LG Dual Sensing VO242C1 Inverter, Enfriamiento, 24,000 BTU/h, 2 TON. Compresor Dual Inverter, 230V/60Hz. Solo frio. Fast cooling, Smart diagnosis, Color. Blanco. Tipo de pantalla LCD. Funciones: Modo sueño, Oscilación automatica en 4 vías, Smart operation. Reinicio automatico, Smart diagnosis. Control Remoto. Si. Medidas y Peso del Equipo: Peso: 15kg. Ancho 1060mm, x Alto 390mm x Profundo 315mm. Medidas y Peso del Compresor: Peso: 43kg. Ancho 995mm, x Alto 720mm x Profundo 420mm. Garantia 3 años en compresor, 1 año en equipo.",LINEA BLANCA,MINISPLIT,9433.33,12735.0,15093.33,https://static.ctonline.mx/imagenes/AIRLGE640/AIRLGE640_400.jpg,https://static.ctonline.mx/marcas/png/MINISPLIT.png,https://ctonline.mx/buscar/productos?b=AIRLGE640,9433.33,12735.0,11320.0,35%,assets/img/catalog/AIRLGE640.jpg,https://static.ctonline.mx/imagenes/AIRLGE640/AIRLGE640_400.jpg,linea_blanca,20% garantizado sobre proveedor,https://static.ctonline.mx/imagenes/AIRLGE640/AIRLGE640_400.jpg
AIRLGE650,"Minisplit LG Dual Sensing VO242H1 Inverter, Enfriamiento, 24,000 BTU/h, 2 TON. Compresor Dual Inverter, 230V/60Hz. Frio ","Minisplit LG Dual Sensing VO242H1 Inverter, Enfriamiento, 24,000 BTU/h, 2 TON. Compresor Dual Inverter, 230V/60Hz. Frio / Calor. Fast cooling, Smart diagnosis, Color. Blanco. Tipo de pantalla LCD. Funciones: Modo sueño, Oscilación automatica en 4 vías, Smart operation. Reinicio automatico, Smart diagnosis. Control Remoto. Si. Medidas y Peso del Equipo: Peso: 15kg. Ancho 1060mm, x Alto 390mm x Profundo 315mm. Medidas y Peso del Compresor: Peso: 46kg. Ancho 995mm, x Alto 720mm x Profundo 420mm. Garantia 3 años en compresor, 1 año en equipo.",LINEA BLANCA,MINISPLIT,9938.89,13417.5,15902.22,https://static.ctonline.mx/imagenes/AIRLGE650/AIRLGE650_400.jpg,https://static.ctonline.mx/marcas/png/MINISPLIT.png,https://ctonline.mx/buscar/productos?b=AIRLGE650,9938.89,13417.5,11926.67,35%,assets/img/catalog/AIRLGE650.jpg,https://static.ctonline.mx/imagenes/AIRLGE650/AIRLGE650_400.jpg,linea_blanca,20% garantizado sobre proveedor,https://static.ctonline.mx/imagenes/AIRLGE650/AIRLGE650_400.jpg
AIRLGE560,"Aire Acondicionado LG ON/OFF 1 TON MW122C4 Enfriamiento, 11,000 BTU/h, Compresor convencional 230V/60Hz. Solio Frio. Fun","Aire Acondicionado LG ON/OFF 1 TON MW122C4 Enfriamiento, 11,000 BTU/h, Compresor convencional 230V/60Hz. Solio Frio. Funciones: Jet Mode, Oscilacion automática, Smart diagnosis, Reinicio automático, Dual Sensing, Smart operation. 5 años de Garantía en compresor, 1 año en resto de sus partes. Color. Blanco. Control Remoto. Si. Medidas Caja Evaporadora: Peso: 7.8kg. Ancho 850mm, x Alto 320mm x Profundo 260mm. Medidas Caja Condensadora: Peso: 24.5kg. Ancho 830mm, x Alto 588mm x Profundo 340mm. (Incluye flete de CEDIS a sucursal CT)",LINEA BLANCA,AIRE,4655.56,6285.01,7448.9,https://static.ctonline.mx/imagenes/AIRLGE560/AIRLGE560_400.jpg,https://static.ctonline.mx/marcas/png/AIRE.png,https://ctonline.mx/buscar/productos?b=AIRLGE560,4655.56,6285.01,5586.67,35%,assets/img/catalog/AIRLGE560.jpg,https://static.ctonline.mx/imagenes/AIRLGE560/AIRLGE560_400.jpg,linea_blanca,20% garantizado sobre proveedor,https://static.ctonline.mx/imagenes/AIRLGE560/AIRLGE560_400.jpg
AIRLGE530,"Aire Acondicionado LG ON/OFF 1 TON MW122C4 Enfriamiento, 11,000 BTU/h, Compresor convencional 230V/60Hz. Solio Frio. Fun","Aire Acondicionado LG ON/OFF 1 TON MW122C4 Enfriamiento, 11,000 BTU/h, Compresor convencional 230V/60Hz. Solio Frio. Funciones: Jet Mode, Oscilacion automática, Smart diagnosis, Reinicio automático, Dual Sensing, Smart operation. 5 años de Garantía en compresor, 1 año en resto de sus partes. Color. Blanco. Control Remoto. Si. Medidas Caja Evaporadora: Peso: 7.8kg. Ancho 850mm, x Alto 320mm x Profundo 260mm. Medidas Caja Condensadora: Peso: 24.5kg. Ancho 830mm, x Alto 588mm x Profundo 340mm. (Incluye flete de CEDIS a sucursal CT)",LINEA BLANCA,AIRE,4655.56,6285.01,7448.9,https://static.ctonline.mx/imagenes/AIRLGE530/AIRLGE530_400.jpg,https://static.ctonline.mx/marcas/png/AIRE.png,https://ctonline.mx/buscar/productos?b=AIRLGE530,4655.56,6285.01,5586.67,35%,assets/img/catalog/AIRLGE530.jpg,https://static.ctonline.mx/imagenes/AIRLGE530/AIRLGE530_400.jpg,linea_blanca,20% garantizado sobre proveedor,https://static.ctonline.mx/imagenes/AIRLGE530/AIRLGE530_400.jpg
AIRLGE510,"Aire Acondicionado LG ON/OFF 1.5 TON MV182C4 Enfriamiento, 18,000 BTU/h, Compresor convencional 220V. Solio Frio. Funcio","Aire Acondicionado LG ON/OFF 1.5 TON MV182C4 Enfriamiento, 18,000 BTU/h, Compresor convencional 220V. Solio Frio. Funciones: Turbo cooling, Oscilación automática, Smart diagnosis, Reinicio automático, Tubería de cobre, Auto cleaning. Funcionamiento silencioso, 5 años de Garantía en compresor, 1 año en resto de sus partes. Color. Blanco. Control Remoto. Si. Medidas Caja Evaporadora: Peso: 10kg. Ancho 979mm, x Alto 372mm x Profundo 277mm. Medidas Caja Condensadora: Peso: 34kg. Ancho 890mm, x Alto 385mm x Profundo 628mm. (Incluye flete de CEDIS a sucursal CT)",LINEA BLANCA,AIRE,6555.56,8850.01,10488.9,https://static.ctonline.mx/imagenes/AIRLGE510/AIRLGE510_400.jpg,https://static.ctonline.mx/marcas/png/AIRE.png,https://ctonline.mx/buscar/productos?b=AIRLGE510,6555.56,8850.01,7866.67,35%,assets/img/catalog/AIRLGE510.jpg,https://static.ctonline.mx/imagenes/AIRLGE510/AIRLGE510_400.jpg,linea_blanca,20% garantizado sobre proveedor,https://static.ctonline.mx/imagenes/AIRLGE510/AIRLGE510_400.jpg
REFLGE200,"Refrigerador LG TOP FREEZER GT32BP de 9 ft³, Multi Air Flow Distribución uniforme de aireen todas las repidas, Cajón Moi","Refrigerador LG TOP FREEZER GT32BP de 9 ft³, Multi Air Flow Distribución uniforme de aireen todas las repidas, Cajón Moist Balance Crisper Mantiene equilibrio de humedad, Luz LED Interior, Compresor Smart Inverter [BLDC] con 10 años de garantía, LINEARCooling, Consumo de energía 1.44W(F) / 4.32W(R), Rendimiento 303 kWh/año, Tiempo de vida iluminación Semi-permanente (mas de 40,000 hrs), 36% eficiencia energética, -2dB operación silenciosa, Dimensiones 555x1667x630 mm, Tipo de manija: Bolsillo (decoración negra), Compartimientos Congelador: 2 Puerta cesta transparente, 1 Repisa de cristal templado; Compartimientos Refrigerador: 3 Puerta cesta transparente, 1 Caja de verduras, 3 complementos (1 deslizable) Repisa de cristal templado, Capacidad total 9 pies cúbicos total, 2 pies cúbicos congelador, 7 pies cúbicos refrigerador",LINEA BLANCA,REFRIGERADOR,7326.67,9891.0,11722.67,https://static.ctonline.mx/imagenes/REFLGE200/REFLGE200_400.jpg,https://static.ctonline.mx/marcas/png/REFRIGERADOR.png,https://ctonline.mx/buscar/productos?b=REFLGE200,7326.67,9891.0,8792.0,35%,assets/img/catalog/REFLGE200.jpg,https://static.ctonline.mx/imagenes/REFLGE200/REFLGE200_400.jpg,linea_blanca,20% garantizado sobre proveedor,https://static.ctonline.mx/imagenes/REFLGE200/REFLGE200_400.jpg
REFLGE130,"Refrigerador LG TOP FREEZER  LT57BT de20 ft³, Compresor Smart Inverter [BLDC], Consumo de energía (kWh/año): 387. Contro","Refrigerador LG TOP FREEZER  LT57BT de20 ft³, Compresor Smart Inverter [BLDC], Consumo de energía (kWh/año): 387. Control y Pantalla:  SI, pantalla de puntos.  Compartimentos de refrigerador. Puerta cesta_transparente 2 ( 2 galones), Luz del refrigerador: Led, Repisa de cristal templado: 2,  Caja de verduras: 2,  Compartimientos del congelador:   Puerta cesta_transparente 2 ( 2 galones), Repisa de cristal templado: 2, Material y Acabado: Puerta PET, Acabado: Esencial negro mate, Tipo de Manija: Bolsillo horizontal.",LINEA BLANCA,REFRIGERADOR,10775.0,14546.25,17240.0,https://static.ctonline.mx/imagenes/REFLGE130/REFLGE130_400.jpg,https://static.ctonline.mx/marcas/png/REFRIGERADOR.png,https://ctonline.mx/buscar/productos?b=REFLGE130,10775.0,14546.25,12930.0,35%,assets/img/catalog/REFLGE130.jpg,https://static.ctonline.mx/imagenes/REFLGE130/REFLGE130_400.jpg,linea_blanca,20% garantizado sobre proveedor,https://static.ctonline.mx/imagenes/REFLGE130/REFLGE130_400.jpg
REFLGE150,"Refrigerador LG FRECH DOOR 3 Puertas GM29BP de 29 ft³, DoorCooling. Compresor Smart Inverter, Capacidad de 821L. Control","Refrigerador LG FRECH DOOR 3 Puertas GM29BP de 29 ft³, DoorCooling. Compresor Smart Inverter, Capacidad de 821L. Control y Pantalla:  SI,  Express Freeze. Compartimentos de refrigerador. Puerta cesta_transparente 2, Luz Superior, Repisa de cristal templado:  Si,  Caja de verduras: 2, Bandeja Manal de Cubos de hielo Slim SpacePlus™ en la puerta. Compartimientos del congelador:    Luz del congelador, LED Superior, Cajón del congelador, 2.  Material y Acabado: Plata Platino.",LINEA BLANCA,REFRIGERADOR,18135.67,24483.15,29017.07,https://static.ctonline.mx/imagenes/REFLGE150/REFLGE150_400.jpg,https://static.ctonline.mx/marcas/png/REFRIGERADOR.png,https://ctonline.mx/buscar/productos?b=REFLGE150,18135.67,24483.15,21762.8,35%,assets/img/catalog/REFLGE150.jpg,https://static.ctonline.mx/imagenes/REFLGE150/REFLGE150_400.jpg,linea_blanca,20% garantizado sobre proveedor,https://static.ctonline.mx/imagenes/REFLGE150/REFLGE150_400.jpg
REFLGE160,"Refrigerador LG FRECH DOOR 3 Puertas GM29BIP de 29 ft³, DoorCooling. Compresor Smart Inverter, Capacidad de 821L. Contro","Refrigerador LG FRECH DOOR 3 Puertas GM29BIP de 29 ft³, DoorCooling. Compresor Smart Inverter, Capacidad de 821L. Control y Pantalla:  SI,  Express Freeze. Compartimentos de refrigerador. Puerta cesta_transparente 2, Luz Superior, Repisa de cristal templado:  Si,  Caja de verduras: 2, fabrica de  máquina de hielo automática (ice maker) en el congelador. Compartimientos del congelador:    Luz del congelador, LED Superior, Cajón del congelador, 2.  Material y Acabado: Plata Platino.",LINEA BLANCA,REFRIGERADOR,19826.72,26766.07,31722.75,https://static.ctonline.mx/imagenes/REFLGE160/REFLGE160_400.jpg,https://static.ctonline.mx/marcas/png/REFRIGERADOR.png,https://ctonline.mx/buscar/productos?b=REFLGE160,19826.72,26766.07,23792.06,35%,assets/img/catalog/REFLGE160.jpg,https://static.ctonline.mx/imagenes/REFLGE160/REFLGE160_400.jpg,linea_blanca,20% garantizado sobre proveedor,https://static.ctonline.mx/imagenes/REFLGE160/REFLGE160_400.jpg
REFLGE170,"Refrigerador Instaview™ French Door GM39BVP de 29 ft³, DoorCooling. Compresor Smart Inverter(BLDC) , Revisa lo que tiene","Refrigerador Instaview™ French Door GM39BVP de 29 ft³, DoorCooling. Compresor Smart Inverter(BLDC) , Revisa lo que tienes dentro de el con 2 pequeños golpes en la puerta. Consumo de energía (kwh/año) 603. Control y Pantalla:  Pantalla superior intenta. y express freeze. Compartimentos de refrigerador. Puerta cesta_transparente 6, Luz LED Superior, Repisa de cristal templado:  4 Divididos, Caja de verduras: 2,. Compartimientos del congelador: Luz del congelador, LED Superior, Cajón del congelador, 2. con divisor de cajón Material y Acabado: Puerta PED. Acabado P/S3, Manija vista.",LINEA BLANCA,REFRIGERADOR,21550.86,29093.66,34481.38,https://static.ctonline.mx/imagenes/REFLGE170/REFLGE170_400.jpg,https://static.ctonline.mx/marcas/png/REFRIGERADOR.png,https://ctonline.mx/buscar/productos?b=REFLGE170,21550.86,29093.66,25861.03,35%,assets/img/catalog/REFLGE170.jpg,https://static.ctonline.mx/imagenes/REFLGE170/REFLGE170_400.jpg,linea_blanca,20% garantizado sobre proveedor,https://static.ctonline.mx/imagenes/REFLGE170/REFLGE170_400.jpg
REFHSE040,FRIGOBAR HISENSE 3.3 RR33D6AGX1 ILUMINACIÓN LED. Adjustable-Legs. CANASTA DE FRUTAS. Deshielo manual. Parrillas de crist,FRIGOBAR HISENSE 3.3 RR33D6AGX1 ILUMINACIÓN LED. Adjustable-Legs. CANASTA DE FRUTAS. Deshielo manual. Parrillas de cristal templado de alta resistencia. COLOR PLATEADO. Potencia 60W. Sistema de enfriamiento Gas refrigerante R600a. Consumo de energía 245 kWh/año. Voltaje 115 V.,LINEA BLANCA,FRIGOBAR,2750.0,3712.5,4400.0,https://static.ctonline.mx/imagenes/REFHSE040/REFHSE040_400.jpg,https://static.ctonline.mx/marcas/png/FRIGOBAR.png,https://ctonline.mx/buscar/productos?b=REFHSE040,2750.0,3712.5,3300.0,35%,assets/img/catalog/REFHSE040.jpg,https://static.ctonline.mx/imagenes/REFHSE040/REFHSE040_400.jpg,linea_blanca,20% garantizado sobre proveedor,https://static.ctonline.mx/imagenes/REFHSE040/REFHSE040_400.jpg
REFHSE050,CONGELADOR HISENSE 9 PIES FC88D6BWX1 COLOR BLANCO. DISEÑO: Iluminación LED. Indicador de encendido. Indicador de sobre c,CONGELADOR HISENSE 9 PIES FC88D6BWX1 COLOR BLANCO. DISEÑO: Iluminación LED. Indicador de encendido. Indicador de sobre calentamiento. Botón de congelamiento rápido. Perilla de control de temperatura. Puerta flotante 30°y 60°. Manija externa. Cerradura en puerta. Patas ajustables. Horizontal. INTERIOR: Puertas de cristal templado. 1 cesta de alambrón. Interior de aluminio. Salida de drenaje. Función dual (congelador / refrigerador). 3 rangos de enfriamiento. Refrigerador 2°c / 8°c. Enfriador -13°c / 1°c. Congelador -24°c /-14°c. ESPECIFICACIONES: Gas refrigerante R600a. 244 litros. 115V/ 60Hz. 43 dB.  Garantía: 1 año  a partir de la fecha de compra directo con Centro de Servicio Hisense. (acorde a política de Garantía),LINEA BLANCA,CONGELADOR,4037.8,5451.03,6460.48,https://static.ctonline.mx/imagenes/REFHSE050/REFHSE050_400.jpg,https://static.ctonline.mx/marcas/png/CONGELADOR.png,https://ctonline.mx/buscar/productos?b=REFHSE050,4037.8,5451.03,4845.36,35%,assets/img/catalog/REFHSE050.jpg,https://static.ctonline.mx/imagenes/REFHSE050/REFHSE050_400.jpg,linea_blanca,20% garantizado sobre proveedor,https://static.ctonline.mx/imagenes/REFHSE050/REFHSE050_400.jpg
REFHSE060,FRIGOBAR HISENSE 4 PIES RR43D6ACX1 COLOR PLATA. DISEÑO: 1 puerta. Puerta reversible. Manija integrada en puerta. Vertica,FRIGOBAR HISENSE 4 PIES RR43D6ACX1 COLOR PLATA. DISEÑO: 1 puerta. Puerta reversible. Manija integrada en puerta. Vertical. Patas ajustables. INTERIOR: 2 anaqueles. 1 anaquel XL. 2 parrilla de cristal templado. 1 cajón de frutas y verduras. CONGELADOR: Charola para deshielo. Deshielo manual. ESPECIFICACIONES: Gas refrigerante R600a. 125 litros. 115V/ 60Hz. dB 42. Garantía: 1 año  a partir de la fecha de compra directo con Centro de Servicio Hisense. (acorde a política de Garantía),LINEA BLANCA,FRIGOBAR,3186.33,4301.55,5098.13,https://static.ctonline.mx/imagenes/REFHSE060/REFHSE060_400.jpg,https://static.ctonline.mx/marcas/png/FRIGOBAR.png,https://ctonline.mx/buscar/productos?b=REFHSE060,3186.33,4301.55,3823.6,35%,assets/img/catalog/REFHSE060.jpg,https://static.ctonline.mx/imagenes/REFHSE060/REFHSE060_400.jpg,linea_blanca,20% garantizado sobre proveedor,https://static.ctonline.mx/imagenes/REFHSE060/REFHSE060_400.jpg
ACCVGO2170,"Base enfriadora Vorago CP-103 Laptpo 15.6"" LED","Base enfriadora Vorago CP-103 Laptpo 15.6"" LED",ACCESORIOS,BASE,4.62,121.5,144.0,https://static.ctonline.mx/imagenes/ACCVGO2170/ACCVGO2170_400.jpg,https://static.ctonline.mx/marcas/png/BASE.png,https://ctonline.mx/buscar/productos?b=ACCVGO2170,90.0,121.5,108.0,35%,assets/img/catalog/ACCVGO2170.jpg,https://static.ctonline.mx/imagenes/ACCVGO2170/ACCVGO2170_400.jpg,linea_blanca,20% garantizado sobre proveedor,https://static.ctonline.mx/imagenes/ACCVGO2170/ACCVGO2170_400.jpg
ACCNEX1750,Enfriador Nextep NE-691 Personal de Escritorio 3 velocidades  Conexión USB Color Blanco Cuerpo de Plástico Dimensiones d,"Enfriador Nextep NE-691 Personal de Escritorio 3 velocidades  Conexión USB Color Blanco Cuerpo de Plástico Dimensiones de  14.6cm x 16.5cm x 17cm Diseño 7 colores luz LED, inclinación ajustable arriba-abajo y tanque para agua Longitud del cable 1.2 mts",ACCESORIOS,ENFRIADOR,218.41,5749.61,6814.35,https://static.ctonline.mx/imagenes/ACCNEX1750/ACCNEX1750_400.jpg,https://static.ctonline.mx/marcas/png/ENFRIADOR.png,https://ctonline.mx/buscar/productos?b=ACCNEX1750,4258.97,5749.61,5110.76,35%,assets/img/catalog/ACCNEX1750.jpg,https://static.ctonline.mx/imagenes/ACCNEX1750/ACCNEX1750_400.jpg,linea_blanca,20% garantizado sobre proveedor,https://static.ctonline.mx/imagenes/ACCNEX1750/ACCNEX1750_400.jpg
AIRTRL010,"Unidad de aire acondicionado portátil Tripp Lite SRCOOL12K, 120 Volts, 12,000 BTU’s 3.4kW, pantalla de lectura de temper","Unidad de aire acondicionado portátil Tripp Lite SRCOOL12K, 120 Volts, 12,000 BTU’s 3.4kW, pantalla de lectura de temperatura numérica, clavija 5-15P",ENERGIA,UNIDAD,14896.7,20110.55,23834.72,https://static.ctonline.mx/imagenes/AIRTRL010/AIRTRL010_400.jpg,https://static.ctonline.mx/marcas/png/UNIDAD.png,https://ctonline.mx/buscar/productos?b=AIRTRL010,14896.7,20110.55,17876.04,35%,assets/img/catalog/AIRTRL010.jpg,https://static.ctonline.mx/imagenes/AIRTRL010/AIRTRL010_400.jpg,linea_blanca,20% garantizado sobre proveedor,https://static.ctonline.mx/imagenes/AIRTRL010/AIRTRL010_400.jpg
AIRTRL030,"Unidad de Aire Acondicionado Tripp Lite SRCOOL7KRM para Racks de Servidor - Instalación en Rack, 7,000 BTU, 120V, 8U","Unidad de Aire Acondicionado Tripp Lite SRCOOL7KRM para Racks de Servidor - Instalación en Rack, 7,000 BTU, 120V, 8U",ENERGIA,UNIDAD,14867.38,20070.96,23787.81,https://static.ctonline.mx/imagenes/AIRTRL030/AIRTRL030_400.jpg,https://static.ctonline.mx/marcas/png/UNIDAD.png,https://ctonline.mx/buscar/productos?b=AIRTRL030,14867.38,20070.96,17840.86,35%,assets/img/catalog/AIRTRL030.jpg,https://static.ctonline.mx/imagenes/AIRTRL030/AIRTRL030_400.jpg,linea_blanca,20% garantizado sobre proveedor,https://static.ctonline.mx/imagenes/AIRTRL030/AIRTRL030_400.jpg
