sku,nombre,descripcion_completa,categoria_ct,categoria_clasificada,marca,base_cost_usd,costo_proveedor_mxn,precio_original,original,precio,precio_mxn,precio_mayoreo_10pzs,precio_piso_minimo_20,img_rel,img,cdn_url
TVIGIG3080,Tarjeta de video GIGABYTE GV-R76GAMING OC-8GD Radeon™ RX 7600 Reloj central Boost Clock*: hasta 2755 MHz Game Clock*: hasta 2355 MHz Procesadores de flujo 2048  memoria 18 Gbps 8 GB  GDDR6 Resolución máxima digital 7680x4320 Tamaño de la tarjeta Largo=282 Ancho=115 Alto=50 mm Fuente de alimentación 550 W Producción Puertos de salida de vídeo 1.4a*2 Puertos HDMI 2.1a*2,Tarjeta de video GIGABYTE GV-R76GAMING OC-8GD Radeon™ RX 7600 Reloj central Boost Clock*: hasta 2755 MHz Game Clock*: hasta 2355 MHz Procesadores de flujo 2048  memoria 18 Gbps 8 GB  GDDR6 Resolución máxima digital 7680x4320 Tamaño de la tarjeta Largo=282 Ancho=115 Alto=50 mm Fuente de alimentación 550 W Producción Puertos de salida de vídeo 1.4a*2 Puertos HDMI 2.1a*2. Clave Oficial CT: TVIGIG3080. Marca: CT.,COMPONENTES DE ENSAMBLE,tarjetas_de_video,CT,295.88,5769.71,9231.53,9231.53,7789.1,7789.1,7212.13,6923.65,assets/img/catalog/tarjetas_de_video/TVIGIG3080.jpg,assets/img/catalog/tarjetas_de_video/TVIGIG3080.jpg,https://static.ctonline.mx/imagenes/TVIGIG3080/TVIGIG3080_400.jpg
TVIGIG3560,TARJETA DE VIDEO GIGABYTE GV-N5050OC-8GL Procesamiento de gráficos GeForce RTX™ 5050 Reloj central 2587 MHz (Tarjeta de referencia: 2572 MHz) Núcleos CUDA® 2560 Reloj de memoria 20 Gbps Tamaño de la memoria 8 GB Tipo de memoria GDDR6 Bus de memoria 128 bits Autobús de tarjetas PCI-E 5.0 Resolución máxima digital 7680x4320 Vista múltiple 4 Tamaño de la tarjeta Largo = 182 Ancho = 69 Alto = 36 mm Formulario de PCB ATX DirectX API de DirectX 12 OpenGL 4.6 Fuente de alimentación recomendada 550 W Conectores de alimentación 8 pines*1 Producción DisplayPort 2.1b *1 DisplayPort 1.4a *1 HDMI 2.1b *2 Accesorios 1. Guía rápida 2. Soporte de perfil bajo,TARJETA DE VIDEO GIGABYTE GV-N5050OC-8GL Procesamiento de gráficos GeForce RTX™ 5050 Reloj central 2587 MHz (Tarjeta de referencia: 2572 MHz) Núcleos CUDA® 2560 Reloj de memoria 20 Gbps Tamaño de la memoria 8 GB Tipo de memoria GDDR6 Bus de memoria 128 bits Autobús de tarjetas PCI-E 5.0 Resolución máxima digital 7680x4320 Vista múltiple 4 Tamaño de la tarjeta Largo = 182 Ancho = 69 Alto = 36 mm Formulario de PCB ATX DirectX API de DirectX 12 OpenGL 4.6 Fuente de alimentación recomendada 550 W Conectores de alimentación 8 pines*1 Producción DisplayPort 2.1b *1 DisplayPort 1.4a *1 HDMI 2.1b *2 Accesorios 1. Guía rápida 2. Soporte de perfil bajo. Clave Oficial CT: TVIGIG3560. Marca: CT.,COMPONENTES DE ENSAMBLE,tarjetas_de_video,CT,291.22,5678.83,9086.13,9086.13,7666.43,7666.43,7098.54,6814.6,assets/img/catalog/tarjetas_de_video/TVIGIG3560.jpg,assets/img/catalog/tarjetas_de_video/TVIGIG3560.jpg,https://static.ctonline.mx/imagenes/TVIGIG3560/TVIGIG3560_400.jpg
TVIGIG3420,Tarjeta de Video GIGABYTE GV-N5060 EAGLEMAX OC-8GD Procesamiento de gráficos GeForce RTX™ 5060 Reloj central 2550 MHz (Tarjeta de referencia: 2497 MHz) Núcleos CUDA® 3840 Reloj de memoria 28 Gbps Tamaño de la memoria 8 GB Tipo de memoria GDDR7 Bus de memoria 128 bits Autobús de tarjetas PCI-E 5.0 Resolución máxima digital 7680x4320 Vista múltiple 4 Tamaño de la tarjeta Largo=281 Ancho=115 Alto=40 mm Formulario de PCB ATX DirectX API de DirectX 12 OpenGL 4.6 Fuente de alimentación recomendada 550 W Conectores de alimentación 8 pines*1 Producción DisplayPort 2.1b *3 HDMI 2.1b *1,Tarjeta de Video GIGABYTE GV-N5060 EAGLEMAX OC-8GD Procesamiento de gráficos GeForce RTX™ 5060 Reloj central 2550 MHz (Tarjeta de referencia: 2497 MHz) Núcleos CUDA® 3840 Reloj de memoria 28 Gbps Tamaño de la memoria 8 GB Tipo de memoria GDDR7 Bus de memoria 128 bits Autobús de tarjetas PCI-E 5.0 Resolución máxima digital 7680x4320 Vista múltiple 4 Tamaño de la tarjeta Largo=281 Ancho=115 Alto=40 mm Formulario de PCB ATX DirectX API de DirectX 12 OpenGL 4.6 Fuente de alimentación recomendada 550 W Conectores de alimentación 8 pines*1 Producción DisplayPort 2.1b *3 HDMI 2.1b *1. Clave Oficial CT: TVIGIG3420. Marca: CT.,COMPONENTES DE ENSAMBLE,tarjetas_de_video,CT,361.76,7054.41,11287.06,11287.06,9523.46,9523.46,8818.01,8465.29,assets/img/catalog/tarjetas_de_video/TVIGIG3420.jpg,assets/img/catalog/tarjetas_de_video/TVIGIG3420.jpg,https://static.ctonline.mx/imagenes/TVIGIG3420/TVIGIG3420_400.jpg
TVIGIG3550,TARJETA DE VIDEO GIGABYTE GV-N5050GAMING OC-8GD Procesamiento de gráficos GeForce RTX™ 5050 Reloj central 2632 MHz (Tarjeta de referencia: 2572 MHz) Núcleos CUDA® 2560 Reloj de memoria 20 Gbps Tamaño de la memoria 8 GB Tipo de memoria GDDR6 Bus de memoria 128 bits Autobús de tarjetas PCI-E 5.0 Resolución máxima digital 7680x4320 Vista múltiple 4 Tamaño de la tarjeta Largo = 280 Ancho = 117 Alto = 40 mm Formulario de PCB ATX DirectX API de DirectX 12 OpenGL 4.6 Fuente de alimentación recomendada 550 W Conectores de alimentación 8 pines*1 Producción DisplayPort 2.1b *2 HDMI 2.1b *2 Accesorios Guía rápida,TARJETA DE VIDEO GIGABYTE GV-N5050GAMING OC-8GD Procesamiento de gráficos GeForce RTX™ 5050 Reloj central 2632 MHz (Tarjeta de referencia: 2572 MHz) Núcleos CUDA® 2560 Reloj de memoria 20 Gbps Tamaño de la memoria 8 GB Tipo de memoria GDDR6 Bus de memoria 128 bits Autobús de tarjetas PCI-E 5.0 Resolución máxima digital 7680x4320 Vista múltiple 4 Tamaño de la tarjeta Largo = 280 Ancho = 117 Alto = 40 mm Formulario de PCB ATX DirectX API de DirectX 12 OpenGL 4.6 Fuente de alimentación recomendada 550 W Conectores de alimentación 8 pines*1 Producción DisplayPort 2.1b *2 HDMI 2.1b *2 Accesorios Guía rápida. Clave Oficial CT: TVIGIG3550. Marca: CT.,COMPONENTES DE ENSAMBLE,tarjetas_de_video,CT,298.39,5818.58,9309.73,9309.73,7855.09,7855.09,7273.23,6982.3,assets/img/catalog/tarjetas_de_video/TVIGIG3550.jpg,assets/img/catalog/tarjetas_de_video/TVIGIG3550.jpg,https://static.ctonline.mx/imagenes/TVIGIG3550/TVIGIG3550_400.jpg
TVIGIG3590,TARJETA DE VIDEO GIGABYTE GV-N5050WF2OCV2-8GD Procesamiento gráfico GeForce RTX™ 5050 Reloj principal 2587 MHz (Tarjeta de referencia: 2572 MHz) Núcleos CUDA® 2560 Reloj de memoria 20 Gbps Tamaño de memoria 8 GB Tipo de memoria GDDR6 Bus de memoria 128 bits Autobús de tarjetas PCI-E 5.0 Resolución máxima digital 7680x4320 Vista múltiple 4 Tamaño de la tarjeta L=201 W=120 H=41 mm Formulario PCB ATX DirectX API DirectX 12 OpenGL 4.6 Fuente de alimentación recomendada 550 W Conectores de alimentación 8 pines*1 Producción DisplayPort 2.1b *2 HDMI 2.1b *2 Accesorios Guía rápida,TARJETA DE VIDEO GIGABYTE GV-N5050WF2OCV2-8GD Procesamiento gráfico GeForce RTX™ 5050 Reloj principal 2587 MHz (Tarjeta de referencia: 2572 MHz) Núcleos CUDA® 2560 Reloj de memoria 20 Gbps Tamaño de memoria 8 GB Tipo de memoria GDDR6 Bus de memoria 128 bits Autobús de tarjetas PCI-E 5.0 Resolución máxima digital 7680x4320 Vista múltiple 4 Tamaño de la tarjeta L=201 W=120 H=41 mm Formulario PCB ATX DirectX API DirectX 12 OpenGL 4.6 Fuente de alimentación recomendada 550 W Conectores de alimentación 8 pines*1 Producción DisplayPort 2.1b *2 HDMI 2.1b *2 Accesorios Guía rápida. Clave Oficial CT: TVIGIG3590. Marca: CT.,COMPONENTES DE ENSAMBLE,tarjetas_de_video,CT,290.28,5660.42,9056.67,9056.67,7641.56,7641.56,7075.52,6792.5,assets/img/catalog/tarjetas_de_video/TVIGIG3590.jpg,assets/img/catalog/tarjetas_de_video/TVIGIG3590.jpg,https://static.ctonline.mx/imagenes/TVIGIG3590/TVIGIG3590_400.jpg
TVIGIG3530,TARJETA DE VIDEO GIGABYTE GV-N5060EAGLE OC-8GD Procesamiento de gráficos GeForce RTX™ 5060 Reloj central 2550 MHz (Tarjeta de referencia: 2497 MHz) Núcleos CUDA® 3840 Reloj de memoria 28 Gbps Tamaño de la memoria 8 GB Tipo de memoria GDDR7 Bus de memoria 128 bits Autobús de tarjetas PCI-E 5.0 Resolución máxima digital 7680x4320 Vista múltiple 4 Tamaño de la tarjeta Largo=208 Ancho=120 Alto=40 Formulario de PCB ATX DirectX API de DirectX 12 OpenGL 4.6 Fuente de alimentación recomendada 550 W Conectores de alimentación 8 pines*1 Producción DisplayPort 2.1b *3 HDMI 2.1b *1 Accesorios Guía rápida,TARJETA DE VIDEO GIGABYTE GV-N5060EAGLE OC-8GD Procesamiento de gráficos GeForce RTX™ 5060 Reloj central 2550 MHz (Tarjeta de referencia: 2497 MHz) Núcleos CUDA® 3840 Reloj de memoria 28 Gbps Tamaño de la memoria 8 GB Tipo de memoria GDDR7 Bus de memoria 128 bits Autobús de tarjetas PCI-E 5.0 Resolución máxima digital 7680x4320 Vista múltiple 4 Tamaño de la tarjeta Largo=208 Ancho=120 Alto=40 Formulario de PCB ATX DirectX API de DirectX 12 OpenGL 4.6 Fuente de alimentación recomendada 550 W Conectores de alimentación 8 pines*1 Producción DisplayPort 2.1b *3 HDMI 2.1b *1 Accesorios Guía rápida. Clave Oficial CT: TVIGIG3530. Marca: CT.,COMPONENTES DE ENSAMBLE,tarjetas_de_video,CT,358.82,6997.06,11195.29,11195.29,9446.03,9446.03,8746.32,8396.47,assets/img/catalog/tarjetas_de_video/TVIGIG3530.jpg,assets/img/catalog/tarjetas_de_video/TVIGIG3530.jpg,https://static.ctonline.mx/imagenes/TVIGIG3530/TVIGIG3530_400.jpg
TVIGIG3540,TARJETA DE VIDEO GIGABYTE GV-N5060WF2MAX OC-8GD Procesamiento de gráficos GeForce RTX™ 5060 Reloj central 2512 MHz (Tarjeta de referencia: 2497 MHz) Núcleos CUDA® 3840 Reloj de memoria 28 Gbps Tamaño de la memoria 8 GB Tipo de memoria GDDR7 Bus de memoria 128 bits Autobús de tarjetas PCI-E 5.0 Resolución máxima digital 7680x4320 Vista múltiple 4 Tamaño de la tarje a Largo=199 Ancho=116 Alto=40 Formulario de PCB ATX DirectX API de DirectX 12 OpenGL 4.6 Fuente de alimentación recomendada 550 W Conectores de alimentación 8 pines*1 Producción DisplayPort 2.1b *3 HDMI 2.1b *1 Accesorios Guía rápida,TARJETA DE VIDEO GIGABYTE GV-N5060WF2MAX OC-8GD Procesamiento de gráficos GeForce RTX™ 5060 Reloj central 2512 MHz (Tarjeta de referencia: 2497 MHz) Núcleos CUDA® 3840 Reloj de memoria 28 Gbps Tamaño de la memoria 8 GB Tipo de memoria GDDR7 Bus de memoria 128 bits Autobús de tarjetas PCI-E 5.0 Resolución máxima digital 7680x4320 Vista múltiple 4 Tamaño de la tarje a Largo=199 Ancho=116 Alto=40 Formulario de PCB ATX DirectX API de DirectX 12 OpenGL 4.6 Fuente de alimentación recomendada 550 W Conectores de alimentación 8 pines*1 Producción DisplayPort 2.1b *3 HDMI 2.1b *1 Accesorios Guía rápida. Clave Oficial CT: TVIGIG3540. Marca: CT.,COMPONENTES DE ENSAMBLE,tarjetas_de_video,CT,341.94,6667.85,10668.56,10668.56,9001.6,9001.6,8334.82,8001.42,assets/img/catalog/tarjetas_de_video/TVIGIG3540.jpg,assets/img/catalog/tarjetas_de_video/TVIGIG3540.jpg,https://static.ctonline.mx/imagenes/TVIGIG3540/TVIGIG3540_400.jpg
TVIGIG3520,TARJETA DE VIDEO GIGABYTE GV-N5060EAGLEOC ICE-8GD Procesamiento de gráficos GeForce RTX™ 5060 Reloj central 2550 MHz (Tarjeta de referencia: 2497 MHz) Núcleos CUDA® 3840 Reloj de memoria 28 Gbps Tamaño de la memoria 8 GB Tipo de memoria GDDR7 Bus de memoria 128 bits Autobús de tarjetas PCI-E 5.0 Resolución máxima digital 7680x4320 Vista múltiple 4 Tamaño de la tarjeta Largo=208 Ancho=120 Alto=40 Formulario de PCB ATX DirectX API de DirectX 12 OpenGL 4.6 Fuente de alimentación recomendada 550 W Conectores de alimentación 8 pines*1 Producción DisplayPort 2.1b *3 HDMI 2.1b *1 Accesorios Guía rápida,TARJETA DE VIDEO GIGABYTE GV-N5060EAGLEOC ICE-8GD Procesamiento de gráficos GeForce RTX™ 5060 Reloj central 2550 MHz (Tarjeta de referencia: 2497 MHz) Núcleos CUDA® 3840 Reloj de memoria 28 Gbps Tamaño de la memoria 8 GB Tipo de memoria GDDR7 Bus de memoria 128 bits Autobús de tarjetas PCI-E 5.0 Resolución máxima digital 7680x4320 Vista múltiple 4 Tamaño de la tarjeta Largo=208 Ancho=120 Alto=40 Formulario de PCB ATX DirectX API de DirectX 12 OpenGL 4.6 Fuente de alimentación recomendada 550 W Conectores de alimentación 8 pines*1 Producción DisplayPort 2.1b *3 HDMI 2.1b *1 Accesorios Guía rápida. Clave Oficial CT: TVIGIG3520. Marca: CT.,COMPONENTES DE ENSAMBLE,tarjetas_de_video,CT,365.88,7134.71,11415.53,11415.53,9631.85,9631.85,8918.38,8561.65,assets/img/catalog/tarjetas_de_video/TVIGIG3520.jpg,assets/img/catalog/tarjetas_de_video/TVIGIG3520.jpg,https://static.ctonline.mx/imagenes/TVIGIG3520/TVIGIG3520_400.jpg
TVIGIG3510,TARJETA DE VIDEO GIGABYTE GV-N506TEAGLE OC-8GD Procesamiento de gráficos GeForce RTX™ 5060 Ti Reloj central 2617 MHz (Tarjeta de referencia: 2572 MHz) Núcleos CUDA® 4608 Reloj de memoria 28 Gbps Tamaño de la memoria 8 GB Tipo de memoria GDDR7 Bus de memoria 128 bits Autobús de tarjetas PCI-E 5.0 Resolución máxima digital 7680x4320 Vista múltiple 4 Tamaño de la tarjeta Largo = 215 Ancho = 122 Alto = 40 mm Formulario de PCB ATX DirectX API de DirectX 12 OpenGL 4.6 Fuente de alimentación recomendada 650 W Conectores de alimentación 8 pines*1 Producción DisplayPort 2.1b *3 HDMI 2.1b *1 Accesorios Guía rápida,TARJETA DE VIDEO GIGABYTE GV-N506TEAGLE OC-8GD Procesamiento de gráficos GeForce RTX™ 5060 Ti Reloj central 2617 MHz (Tarjeta de referencia: 2572 MHz) Núcleos CUDA® 4608 Reloj de memoria 28 Gbps Tamaño de la memoria 8 GB Tipo de memoria GDDR7 Bus de memoria 128 bits Autobús de tarjetas PCI-E 5.0 Resolución máxima digital 7680x4320 Vista múltiple 4 Tamaño de la tarjeta Largo = 215 Ancho = 122 Alto = 40 mm Formulario de PCB ATX DirectX API de DirectX 12 OpenGL 4.6 Fuente de alimentación recomendada 650 W Conectores de alimentación 8 pines*1 Producción DisplayPort 2.1b *3 HDMI 2.1b *1 Accesorios Guía rápida. Clave Oficial CT: TVIGIG3510. Marca: CT.,COMPONENTES DE ENSAMBLE,tarjetas_de_video,CT,420.87,8206.9,13131.04,13131.04,11079.32,11079.32,10258.62,9848.28,assets/img/catalog/tarjetas_de_video/TVIGIG3510.jpg,assets/img/catalog/tarjetas_de_video/TVIGIG3510.jpg,https://static.ctonline.mx/imagenes/TVIGIG3510/TVIGIG3510_400.jpg
TVIGIG3490,TARJETA DE VIDEO GIGABYTE GV-N506TEAGLEMAX OC-8GD Procesamiento de gráficos GeForce RTX™ 5060 Ti Reloj central 2617 MHz (Tarjeta de referencia: 2572 MHz) Núcleos CUDA® 4608 Reloj de memoria 28 Gbps Tamaño de la memoria 8 GB Tipo de memoria GDDR7 Bus de memoria 128 bits Autobús de tarjetas PCI-E 5.0 Resolución máxima digital 7680x4320 Vista múltiple 4 Tamaño de la tarjeta Largo=281 Ancho=115 Alto=40 mm Formulario de PCB ATX DirectX API de DirectX 12 OpenGL 4.6 Fuente de alimentación recomendada 650 W Conectores de alimentación 8 pines*1 Producción DisplayPort 2.1b *3 HDMI 2.1b *1 Accesorios Guía rápida,TARJETA DE VIDEO GIGABYTE GV-N506TEAGLEMAX OC-8GD Procesamiento de gráficos GeForce RTX™ 5060 Ti Reloj central 2617 MHz (Tarjeta de referencia: 2572 MHz) Núcleos CUDA® 4608 Reloj de memoria 28 Gbps Tamaño de la memoria 8 GB Tipo de memoria GDDR7 Bus de memoria 128 bits Autobús de tarjetas PCI-E 5.0 Resolución máxima digital 7680x4320 Vista múltiple 4 Tamaño de la tarjeta Largo=281 Ancho=115 Alto=40 mm Formulario de PCB ATX DirectX API de DirectX 12 OpenGL 4.6 Fuente de alimentación recomendada 650 W Conectores de alimentación 8 pines*1 Producción DisplayPort 2.1b *3 HDMI 2.1b *1 Accesorios Guía rápida. Clave Oficial CT: TVIGIG3490. Marca: CT.,COMPONENTES DE ENSAMBLE,tarjetas_de_video,CT,476.47,9291.18,14865.88,14865.88,12543.09,12543.09,11613.97,11149.41,assets/img/catalog/tarjetas_de_video/TVIGIG3490.jpg,assets/img/catalog/tarjetas_de_video/TVIGIG3490.jpg,https://static.ctonline.mx/imagenes/TVIGIG3490/TVIGIG3490_400.jpg
TVIGIG3480,TARJETA DE VIDEO GIGABYTE GV-N506TGAMING OC-8GD Procesamiento de gráficos GeForce RTX™ 5060 Ti Reloj central 2647 MHz (Tarjeta de referencia: 2572 MHz) Núcleos CUDA® 4608 Reloj de memoria 28 Gbps Tamaño de la memoria 8 GB Tipo de memoria GDDR7 Bus de memoria 128 bits Autobús de tarjetas PCI-E 5.0 Resolución máxima digital 7680x4320 Vista múltiple 4 Tamaño de la tarjeta Largo=281 Ancho=119 Alto=40 mm Formulario de PCB ATX DirectX API de DirectX 12 OpenGL 4.6 Fuente de alimentación recomendada 650 W Conectores de alimentación 8 pines*1 Producción DisplayPort 2.1b *3 HDMI 2.1b *1 Accesorios Guía rápida,TARJETA DE VIDEO GIGABYTE GV-N506TGAMING OC-8GD Procesamiento de gráficos GeForce RTX™ 5060 Ti Reloj central 2647 MHz (Tarjeta de referencia: 2572 MHz) Núcleos CUDA® 4608 Reloj de memoria 28 Gbps Tamaño de la memoria 8 GB Tipo de memoria GDDR7 Bus de memoria 128 bits Autobús de tarjetas PCI-E 5.0 Resolución máxima digital 7680x4320 Vista múltiple 4 Tamaño de la tarjeta Largo=281 Ancho=119 Alto=40 mm Formulario de PCB ATX DirectX API de DirectX 12 OpenGL 4.6 Fuente de alimentación recomendada 650 W Conectores de alimentación 8 pines*1 Producción DisplayPort 2.1b *3 HDMI 2.1b *1 Accesorios Guía rápida. Clave Oficial CT: TVIGIG3480. Marca: CT.,COMPONENTES DE ENSAMBLE,tarjetas_de_video,CT,423.89,8265.83,13225.33,13225.33,11158.88,11158.88,10332.29,9919.0,assets/img/catalog/tarjetas_de_video/TVIGIG3480.jpg,assets/img/catalog/tarjetas_de_video/TVIGIG3480.jpg,https://static.ctonline.mx/imagenes/TVIGIG3480/TVIGIG3480_400.jpg
TVIGIG3460,TARJETA DE VIDEO GIGABYTE GV-R906XTGAMING OC ICE-16GD Procesamiento de gráficos Radeon RX 9060 XT Reloj central Reloj Boost*: hasta 3320 MHz (Tarjeta de referencia: 3130 MHz) Reloj de juego*: hasta 2780 MHz (Tarjeta de referencia: 2530 MHz) Procesadores de flujo 2048 Reloj de memoria 20 Gbps Tamaño de la memoria 16 GB Tipo de memoria GDDR6 Bus de memoria 128 bits Autobús de tarjetas PCI-E 5.0 Resolución máxima digital 7680 x 4320 Vista múltiple 3 Tamaño de la tarjeta Largo = 281 Ancho = 118 Alto = 40 mm Formulario de PCB ATX DirectX API de DirectX 12 OpenGL OpenGL 4.6 Fuente de alimentación recomendada 450 W Conectores de alimentación 8 pines*1 Producción DisplayPort 2.1a x2 HDMI 2.1b x1 Accesorios Manual de VGA,TARJETA DE VIDEO GIGABYTE GV-R906XTGAMING OC ICE-16GD Procesamiento de gráficos Radeon RX 9060 XT Reloj central Reloj Boost*: hasta 3320 MHz (Tarjeta de referencia: 3130 MHz) Reloj de juego*: hasta 2780 MHz (Tarjeta de referencia: 2530 MHz) Procesadores de flujo 2048 Reloj de memoria 20 Gbps Tamaño de la memoria 16 GB Tipo de memoria GDDR6 Bus de memoria 128 bits Autobús de tarjetas PCI-E 5.0 Resolución máxima digital 7680 x 4320 Vista múltiple 3 Tamaño de la tarjeta Largo = 281 Ancho = 118 Alto = 40 mm Formulario de PCB ATX DirectX API de DirectX 12 OpenGL OpenGL 4.6 Fuente de alimentación recomendada 450 W Conectores de alimentación 8 pines*1 Producción DisplayPort 2.1a x2 HDMI 2.1b x1 Accesorios Manual de VGA. Clave Oficial CT: TVIGIG3460. Marca: CT.,COMPONENTES DE ENSAMBLE,tarjetas_de_video,CT,455.28,8877.92,14204.67,14204.67,11985.19,11985.19,11097.4,10653.5,assets/img/catalog/tarjetas_de_video/TVIGIG3460.jpg,assets/img/catalog/tarjetas_de_video/TVIGIG3460.jpg,https://static.ctonline.mx/imagenes/TVIGIG3460/TVIGIG3460_400.jpg
TVIGIG3470,TARJETA DE VIDEO GIGABYTE GV-R9060XTGAMING OC-16GD Procesamiento de gráficos Radeon RX 9060 XT Reloj central Reloj Boost*: hasta 3320 MHz (Tarjeta de referencia: 3130 MHz) Reloj de juego*: hasta 2780 MHz (Tarjeta de referencia: 2530 MHz) Procesadores de flujo 2048 Reloj de memoria 20 Gbps Tamaño de la memoria 16 GB Tipo de memoria GDDR6 Bus de memoria 128 bits Autobús de tarjetas PCI-E 5.0 Resolución máxima digital 7680 x 4320 Vista múltiple 3 Tamaño de la tarjeta Largo = 281 Ancho = 118 Alto = 40 mm Formulario de PCB ATX DirectX API de DirectX 12 OpenGL OpenGL 4.6 Fuente de alimentación recomendada 450 W Conectores de alimentación 8 pines*1 Producción DisplayPort 2.1a x2 HDMI 2.1b x1 Accesorios Manual de VGA,TARJETA DE VIDEO GIGABYTE GV-R9060XTGAMING OC-16GD Procesamiento de gráficos Radeon RX 9060 XT Reloj central Reloj Boost*: hasta 3320 MHz (Tarjeta de referencia: 3130 MHz) Reloj de juego*: hasta 2780 MHz (Tarjeta de referencia: 2530 MHz) Procesadores de flujo 2048 Reloj de memoria 20 Gbps Tamaño de la memoria 16 GB Tipo de memoria GDDR6 Bus de memoria 128 bits Autobús de tarjetas PCI-E 5.0 Resolución máxima digital 7680 x 4320 Vista múltiple 3 Tamaño de la tarjeta Largo = 281 Ancho = 118 Alto = 40 mm Formulario de PCB ATX DirectX API de DirectX 12 OpenGL OpenGL 4.6 Fuente de alimentación recomendada 450 W Conectores de alimentación 8 pines*1 Producción DisplayPort 2.1a x2 HDMI 2.1b x1 Accesorios Manual de VGA. Clave Oficial CT: TVIGIG3470. Marca: CT.,COMPONENTES DE ENSAMBLE,tarjetas_de_video,CT,455.28,8877.92,14204.67,14204.67,11985.19,11985.19,11097.4,10653.5,assets/img/catalog/tarjetas_de_video/TVIGIG3470.jpg,assets/img/catalog/tarjetas_de_video/TVIGIG3470.jpg,https://static.ctonline.mx/imagenes/TVIGIG3470/TVIGIG3470_400.jpg
TVIGIG3410,Tarjeta de video GIGABYTE GV-R9070GAMING OC-16GD Procesamiento de gráficos Radeon RX 9070 Reloj central Reloj Boost*: hasta 2700 MHz (Tarjeta de referencia: 2520 MHz) Reloj de juego*: hasta 2210 MHz (Tarjeta de referencia: 2070 MHz) Procesadores de flujo 3584 (56CU) Reloj de memoria 20 Gbps Tamaño de la memoria 16 GB Tipo de memoria GDDR6 Bus de memoria 256 bits Autobús de tarjetas PCI-E 5.0 Resolución máxima digital7680 x 4320  Vista múltiple 4 Tamaño de la tarjeta Largo = 288 Ancho = 132 Alto = 50 mm Formulario de PCB ATX DirectX API de DirectX 12 OpenGL  4.6 Fuente de alimentación recomendada 750 W Conectores de alimentación 8 pines*2 Producción DisplayPort 2.1a x2 HDMI 2.1b x2 Accesorios Manual de VGA,Tarjeta de video GIGABYTE GV-R9070GAMING OC-16GD Procesamiento de gráficos Radeon RX 9070 Reloj central Reloj Boost*: hasta 2700 MHz (Tarjeta de referencia: 2520 MHz) Reloj de juego*: hasta 2210 MHz (Tarjeta de referencia: 2070 MHz) Procesadores de flujo 3584 (56CU) Reloj de memoria 20 Gbps Tamaño de la memoria 16 GB Tipo de memoria GDDR6 Bus de memoria 256 bits Autobús de tarjetas PCI-E 5.0 Resolución máxima digital7680 x 4320  Vista múltiple 4 Tamaño de la tarjeta Largo = 288 Ancho = 132 Alto = 50 mm Formulario de PCB ATX DirectX API de DirectX 12 OpenGL  4.6 Fuente de alimentación recomendada 750 W Conectores de alimentación 8 pines*2 Producción DisplayPort 2.1a x2 HDMI 2.1b x2 Accesorios Manual de VGA. Clave Oficial CT: TVIGIG3410. Marca: CT.,COMPONENTES DE ENSAMBLE,tarjetas_de_video,CT,572.89,11171.33,17874.13,17874.13,15081.3,15081.3,13964.17,13405.6,assets/img/catalog/tarjetas_de_video/TVIGIG3410.jpg,assets/img/catalog/tarjetas_de_video/TVIGIG3410.jpg,https://static.ctonline.mx/imagenes/TVIGIG3410/TVIGIG3410_400.jpg
TVIGIG3570,Tarjeta de Video GIGABYTE GV-N506TWF2OC-8GD Procesamiento de gráficos GeForce RTX™ 5060 Ti Reloj central 2587 MHz (Tarjeta de referencia: 2572 MHz) Núcleos CUDA® 4608 Reloj de memoria 28 Gbps Tamaño de la memoria 8 GB Tipo de memoria GDDR7 Bus de memoria 128 bits Autobús de tarjetas PCI-E 5.0 Resolución máxima digital 7680x4320 Vista múltiple 4 Tamaño de la tarjeta Largo = 208 Ancho = 120 Alto = 40 mm Formulario de PCB ATX DirectX API de DirectX 12 OpenGL 4.6 Fuente de alimentación recomendada 650 W Conectores de alimentación 8 pines*1 Producción DisplayPort 2.1b *3 HDMI 2.1b *1 Accesorios Guía rápida,Tarjeta de Video GIGABYTE GV-N506TWF2OC-8GD Procesamiento de gráficos GeForce RTX™ 5060 Ti Reloj central 2587 MHz (Tarjeta de referencia: 2572 MHz) Núcleos CUDA® 4608 Reloj de memoria 28 Gbps Tamaño de la memoria 8 GB Tipo de memoria GDDR7 Bus de memoria 128 bits Autobús de tarjetas PCI-E 5.0 Resolución máxima digital 7680x4320 Vista múltiple 4 Tamaño de la tarjeta Largo = 208 Ancho = 120 Alto = 40 mm Formulario de PCB ATX DirectX API de DirectX 12 OpenGL 4.6 Fuente de alimentación recomendada 650 W Conectores de alimentación 8 pines*1 Producción DisplayPort 2.1b *3 HDMI 2.1b *1 Accesorios Guía rápida. Clave Oficial CT: TVIGIG3570. Marca: CT.,COMPONENTES DE ENSAMBLE,tarjetas_de_video,CT,408.33,7962.5,12740.0,12740.0,10749.38,10749.38,9953.12,9555.0,assets/img/catalog/tarjetas_de_video/TVIGIG3570.jpg,assets/img/catalog/tarjetas_de_video/TVIGIG3570.jpg,https://static.ctonline.mx/imagenes/TVIGIG3570/TVIGIG3570_400.jpg
TVIGIG3110,Tarjeta de Video GIGABYTE GV-N408SWF3-16GD Procesamiento gráfico GeForce RTX™ 4080 SUPER Reloj principal 2550 MHz Núcleos CUDA® 10240 Reloj de memoria 23 Gbps Tamaño de memoria 16 GB Tipo de memoria GDDR6X Bus de memoria 256 bits Autobús de tarjetas PCI-E 4.0 x 16 Resolución máxima digital 7680x4320 Vista múltiple 4 Tamaño de la tarjeta L=330 W=136 H=56 mm Formulario PCB ATX DirectX 12 Ultimate OpenGL 4.6 Fuente de alimentación recomendada 750 W Conectores de alimentación 16 pines*1 Producción DisplayPort 1.4a *3 HDMI 2.1a *1 Accesorios 1. Guía rápida 2. Soporte antivibración 3. Guía de instalación del soporte antivibración 4. Adaptador de corriente de 16 pines a tres conectores de 8 pines,Tarjeta de Video GIGABYTE GV-N408SWF3-16GD Procesamiento gráfico GeForce RTX™ 4080 SUPER Reloj principal 2550 MHz Núcleos CUDA® 10240 Reloj de memoria 23 Gbps Tamaño de memoria 16 GB Tipo de memoria GDDR6X Bus de memoria 256 bits Autobús de tarjetas PCI-E 4.0 x 16 Resolución máxima digital 7680x4320 Vista múltiple 4 Tamaño de la tarjeta L=330 W=136 H=56 mm Formulario PCB ATX DirectX 12 Ultimate OpenGL 4.6 Fuente de alimentación recomendada 750 W Conectores de alimentación 16 pines*1 Producción DisplayPort 1.4a *3 HDMI 2.1a *1 Accesorios 1. Guía rápida 2. Soporte antivibración 3. Guía de instalación del soporte antivibración 4. Adaptador de corriente de 16 pines a tres conectores de 8 pines. Clave Oficial CT: TVIGIG3110. Marca: CT.,COMPONENTES DE ENSAMBLE,tarjetas_de_video,CT,1026.28,20012.42,32019.87,32019.87,27016.76,27016.76,25015.52,24014.9,assets/img/catalog/tarjetas_de_video/TVIGIG3110.jpg,assets/img/catalog/tarjetas_de_video/TVIGIG3110.jpg,https://static.ctonline.mx/imagenes/TVIGIG3110/TVIGIG3110_400.jpg
TVIGIG3580,Tarjeta de Video GIGABYTE GV-N5080AORUSX WB-16GD Procesamiento de gráficos GeForce RTX™ 5080 Reloj central 2805 MHz (Referencia: 2617 MHz) Núcleos CUDA® 10752 Reloj de memoria 30 Gbps Tamaño de la memoria 16 GB Tipo de memoria GDDR7 Bus de memoria 256 bits Autobús de tarjetas PCI-E 5.0 Resolución máxima digital 7680 x 4320 Vista múltiple 4 Tamaño de la tarjeta Largo=208 Ancho=156 Alto=29 Formulario de PCB ATX DirectX API de DirectX 12 OpenGL  4.6 Fuente de alimentación recomendada 850 W Conectores de alimentación 16 pines*1 Producción DisplayPort 2.1b x3 HDMI 2.1b x1 Accesorios 1. Manual de VGA 2. Guía de instalación del bloque de agua WATERFORCE 3. Aviso de garantía 4. 1 adaptador de 12 V-2x6 a 3x PCIe de 8 pines 5. Pegatinas de identidad de AORUS 6. Grasa térmica,Tarjeta de Video GIGABYTE GV-N5080AORUSX WB-16GD Procesamiento de gráficos GeForce RTX™ 5080 Reloj central 2805 MHz (Referencia: 2617 MHz) Núcleos CUDA® 10752 Reloj de memoria 30 Gbps Tamaño de la memoria 16 GB Tipo de memoria GDDR7 Bus de memoria 256 bits Autobús de tarjetas PCI-E 5.0 Resolución máxima digital 7680 x 4320 Vista múltiple 4 Tamaño de la tarjeta Largo=208 Ancho=156 Alto=29 Formulario de PCB ATX DirectX API de DirectX 12 OpenGL  4.6 Fuente de alimentación recomendada 850 W Conectores de alimentación 16 pines*1 Producción DisplayPort 2.1b x3 HDMI 2.1b x1 Accesorios 1. Manual de VGA 2. Guía de instalación del bloque de agua WATERFORCE 3. Aviso de garantía 4. 1 adaptador de 12 V-2x6 a 3x PCIe de 8 pines 5. Pegatinas de identidad de AORUS 6. Grasa térmica. Clave Oficial CT: TVIGIG3580. Marca: CT.,COMPONENTES DE ENSAMBLE,tarjetas_de_video,CT,1710.59,33356.47,53370.35,53370.35,45031.24,45031.24,41695.59,40027.76,assets/img/catalog/tarjetas_de_video/TVIGIG3580.jpg,assets/img/catalog/tarjetas_de_video/TVIGIG3580.jpg,https://static.ctonline.mx/imagenes/TVIGIG3580/TVIGIG3580_400.jpg
TVIPNY2040,"Tarjeta de Video PNY GeForce RTX5070 12GB VCG507012TFXPB1 LP  NVIDIA Blackwell, ideal para juegos en 4K y creación de contenido. Cuenta con 6,144 núcleos CUDA, soporte para Ray Tracing de 4ª generación y DLSS 4, junto con 12 GB de memoria GDDR7 a 28 Gbps y un ancho de banda de 672 GB/s. Su potencia llega a 30.87 TFLOPS, y es compatible con PCIe 5.0, DirectX 12 Ultimate, Vulkan y más. Incluye salidas HDMI 2.1b y DisplayPort 2.1, soporta hasta 8K a 165 Hz, y posee refrigeración de triple ventilador. Requiere una fuente de 600 W y conector de 16 pines. Ofrece tecnología NVIDIA Réflex, Broadcast, Studio y soporte AV1 para streaming y productividad avanzada.","Tarjeta de Video PNY GeForce RTX5070 12GB VCG507012TFXPB1 LP  NVIDIA Blackwell, ideal para juegos en 4K y creación de contenido. Cuenta con 6,144 núcleos CUDA, soporte para Ray Tracing de 4ª generación y DLSS 4, junto con 12 GB de memoria GDDR7 a 28 Gbps y un ancho de banda de 672 GB/s. Su potencia llega a 30.87 TFLOPS, y es compatible con PCIe 5.0, DirectX 12 Ultimate, Vulkan y más. Incluye salidas HDMI 2.1b y DisplayPort 2.1, soporta hasta 8K a 165 Hz, y posee refrigeración de triple ventilador. Requiere una fuente de 600 W y conector de 16 pines. Ofrece tecnología NVIDIA Réflex, Broadcast, Studio y soporte AV1 para streaming y productividad avanzada.. Clave Oficial CT: TVIPNY2040. Marca: CT.",COMPONENTES DE ENSAMBLE,tarjetas_de_video,CT,1134.12,22115.29,35384.47,35384.47,29855.65,29855.65,27644.12,26538.35,assets/img/catalog/tarjetas_de_video/TVIPNY2040.jpg,assets/img/catalog/tarjetas_de_video/TVIPNY2040.jpg,https://static.ctonline.mx/imagenes/TVIPNY2040/TVIPNY2040_400.jpg
TVIPNY2060,"Tarjeta de Video PNY GeForce RTX5080 16GB VCG508016TFXPB1 Modelo GeForce RTX™ 5080 16GB Triple Fan Numero de Parte VCG508016TFXPB1 Código UPC 751492794273 Arquitectura Blackwell Memoria 16 GB GDDR7 CUDA Cores 10752 Velocidad del reloj base 2,30 GHz Velocidad de reloj Boost 2,62 GHz Velocidad de memoria (Gbps) 30 Interfaz de memoria 256 bits Ancho de banda de memoria (GB/seg) Hasta 960 GB/s TDP 360W NVLink No se admite Salidas DisplayPort 2.1b (x3), HDMI® 2.1b Multipantalla 4 Resolución 4K a 480 Hz u 8K a 165 Hz con DSC3 Entrada de alimentación Uno de 16 patillas (uno de 16 patillas a tres de 8 patillas) Tipo de autobús PCI-Express 5.0 x16 Dimensiones de la tarjeta 12,94"" x 5,42"" x 2,35""; 3 ranuras","Tarjeta de Video PNY GeForce RTX5080 16GB VCG508016TFXPB1 Modelo GeForce RTX™ 5080 16GB Triple Fan Numero de Parte VCG508016TFXPB1 Código UPC 751492794273 Arquitectura Blackwell Memoria 16 GB GDDR7 CUDA Cores 10752 Velocidad del reloj base 2,30 GHz Velocidad de reloj Boost 2,62 GHz Velocidad de memoria (Gbps) 30 Interfaz de memoria 256 bits Ancho de banda de memoria (GB/seg) Hasta 960 GB/s TDP 360W NVLink No se admite Salidas DisplayPort 2.1b (x3), HDMI® 2.1b Multipantalla 4 Resolución 4K a 480 Hz u 8K a 165 Hz con DSC3 Entrada de alimentación Uno de 16 patillas (uno de 16 patillas a tres de 8 patillas) Tipo de autobús PCI-Express 5.0 x16 Dimensiones de la tarjeta 12,94"" x 5,42"" x 2,35""; 3 ranuras. Clave Oficial CT: TVIPNY2060. Marca: CT.",COMPONENTES DE ENSAMBLE,tarjetas_de_video,CT,2132.94,41592.35,66547.76,66547.76,56149.68,56149.68,51990.44,49910.82,assets/img/catalog/tarjetas_de_video/TVIPNY2060.jpg,assets/img/catalog/tarjetas_de_video/TVIPNY2060.jpg,https://static.ctonline.mx/imagenes/TVIPNY2060/TVIPNY2060_400.jpg
TVIMSI1300,"Tarjeta de Video  MSI GT 1030 4GD4 LP OC NVIDIA GeForce GT 1030, interfaz PCI Express 3.0 x16 (x4), 384 núcleos CUDA y frecuencia boost de 1430 MHz. Memoria: 4 GB DDR4 a 2100 MHz con bus de 64 bits. Salidas de video: 1x HDMI 2.0b (hasta 4K@60Hz) y 1x DisplayPort 1.4a, con soporte HDCP 2.2 y máximo 2 monitores. Consumo energético de 20 W con fuente recomendada de 300 W. Dimensiones: 150 x 69 x 19 mm, formato low profile, compatible con DirectX 12 y OpenGL 4.5.","Tarjeta de Video  MSI GT 1030 4GD4 LP OC NVIDIA GeForce GT 1030, interfaz PCI Express 3.0 x16 (x4), 384 núcleos CUDA y frecuencia boost de 1430 MHz. Memoria: 4 GB DDR4 a 2100 MHz con bus de 64 bits. Salidas de video: 1x HDMI 2.0b (hasta 4K@60Hz) y 1x DisplayPort 1.4a, con soporte HDCP 2.2 y máximo 2 monitores. Consumo energético de 20 W con fuente recomendada de 300 W. Dimensiones: 150 x 69 x 19 mm, formato low profile, compatible con DirectX 12 y OpenGL 4.5.. Clave Oficial CT: TVIMSI1300. Marca: CT.",COMPONENTES DE ENSAMBLE,tarjetas_de_video,CT,112.94,2202.35,3523.76,3523.76,2973.18,2973.18,2752.94,2642.82,assets/img/catalog/tarjetas_de_video/TVIMSI1300.jpg,assets/img/catalog/tarjetas_de_video/TVIMSI1300.jpg,https://static.ctonline.mx/imagenes/TVIMSI1300/TVIMSI1300_400.jpg
TVIMSI1280,"Tarjeta de Video  MSI  GT 710 2GD3 LP NVIDIA GeForce GT 710, interfaz PCI Express 2.0 x16 (operando en x8), frecuencia de núcleo de 954 MHz. Memoria: 2 GB DDR3 a 1600 MHz con bus de 64 bits. Salidas de video: 1x HDMI 1.4 (hasta 4K@30Hz), 1x DVI-D y 1x VGA (D-Sub), con soporte para hasta 2 monitores y HDCP. Consumo energético de 19 W con fuente recomendada de 300 W. Dimensiones: 146 x 69 x 19 mm, formato low profile, compatible con DirectX 12 (feature level 11_0) y OpenGL 4.5.","Tarjeta de Video  MSI  GT 710 2GD3 LP NVIDIA GeForce GT 710, interfaz PCI Express 2.0 x16 (operando en x8), frecuencia de núcleo de 954 MHz. Memoria: 2 GB DDR3 a 1600 MHz con bus de 64 bits. Salidas de video: 1x HDMI 1.4 (hasta 4K@30Hz), 1x DVI-D y 1x VGA (D-Sub), con soporte para hasta 2 monitores y HDCP. Consumo energético de 19 W con fuente recomendada de 300 W. Dimensiones: 146 x 69 x 19 mm, formato low profile, compatible con DirectX 12 (feature level 11_0) y OpenGL 4.5.. Clave Oficial CT: TVIMSI1280. Marca: CT.",COMPONENTES DE ENSAMBLE,tarjetas_de_video,CT,69.41,1353.53,2165.65,2165.65,1827.26,1827.26,1691.91,1624.24,assets/img/catalog/tarjetas_de_video/TVIMSI1280.jpg,assets/img/catalog/tarjetas_de_video/TVIMSI1280.jpg,https://static.ctonline.mx/imagenes/TVIMSI1280/TVIMSI1280_400.jpg
TVIASS2990,"Tarjeta de Video ASUS GT730-SL-2GD5-BRK  Motor gráfico NVIDIA®GeForce GT 730, OpenGL  4.4, Memoria de video 2GB GDDR5, Reloj del motor 902 MHz, Núcleo CUDA 384, Velocidad de memoria 5010 MHz, interfaz de memoria 64 bits, Resolución  máxima digital 3840 x 2160, Interfaz Sí x 1 (DVI-D nativo), Sí x 1 (D-Sub), Sí x 1 (HDMI nativo 1.4a), Compatibilidad con HDCP Sí (2.2), Soporte máximo de pantalla 3, Compatibilidad con NVlink/Crossfire No, Accesorios Sí x 1, Software ASUS GPU Tweak II y controladores: descargue todo el software del sitio de soporte. Dimensiones 6.5"" x 2.72"" x 1.54"" Pulgadas, 16.5 x 6.9 x3.9 Centímetro","Tarjeta de Video ASUS GT730-SL-2GD5-BRK  Motor gráfico NVIDIA®GeForce GT 730, OpenGL  4.4, Memoria de video 2GB GDDR5, Reloj del motor 902 MHz, Núcleo CUDA 384, Velocidad de memoria 5010 MHz, interfaz de memoria 64 bits, Resolución  máxima digital 3840 x 2160, Interfaz Sí x 1 (DVI-D nativo), Sí x 1 (D-Sub), Sí x 1 (HDMI nativo 1.4a), Compatibilidad con HDCP Sí (2.2), Soporte máximo de pantalla 3, Compatibilidad con NVlink/Crossfire No, Accesorios Sí x 1, Software ASUS GPU Tweak II y controladores: descargue todo el software del sitio de soporte. Dimensiones 6.5"" x 2.72"" x 1.54"" Pulgadas, 16.5 x 6.9 x3.9 Centímetro. Clave Oficial CT: TVIASS2990. Marca: CT.",COMPONENTES DE ENSAMBLE,tarjetas_de_video,CT,99.12,1932.79,3092.47,3092.47,2609.27,2609.27,2415.99,2319.35,assets/img/catalog/tarjetas_de_video/TVIASS2990.jpg,assets/img/catalog/tarjetas_de_video/TVIASS2990.jpg,https://static.ctonline.mx/imagenes/TVIASS2990/TVIASS2990_400.jpg
TVIASS3750,Tarjeta de Video DUAL-RTX3050-6G Motor gráfico NVIDIA® GeForce RTX™ 3050 Estandard PCI Express 4.0 OpenGL OpenGL®4.6 Memoria de video GDDR6 de 6 GB Reloj OC mode : 1500 MHz (Boost Clock) Default mode : 1470 MHz (Boost Clock) CUDA Core 2304 Velocidad de memoria 14 Gbps Interfaz de memoria 96 bit Resolución Digital Max Resolución 7680 x 4320 Interfaz Sí x 1 (DVI-D nativo) Sí x 1 (HDMI2.1 nativo) Sí x 1 (DisplatPort 1.4a nativo) Sí (2.3) Soporte HDCP Máximo de pantallas 3 Soporte NVlink/ Crossfire No Accesorios 1 x Speedsetup Manual​ Software ASUS GPU Tweak III & GeForce Game Ready Driver & Studio Driver: please download all software from the support site. Dimensiones 201 x 120 x 37 mm 7.91 x 4.72 x 1.46 inches Fuente de poder recomendada 450 W Conectores de alimentación No Ranura 2 ranuras Nota * Nuestra recomendación de potencia se basa en una configuración de sistema de CPU y GPU completamente overclockeada.,Tarjeta de Video DUAL-RTX3050-6G Motor gráfico NVIDIA® GeForce RTX™ 3050 Estandard PCI Express 4.0 OpenGL OpenGL®4.6 Memoria de video GDDR6 de 6 GB Reloj OC mode : 1500 MHz (Boost Clock) Default mode : 1470 MHz (Boost Clock) CUDA Core 2304 Velocidad de memoria 14 Gbps Interfaz de memoria 96 bit Resolución Digital Max Resolución 7680 x 4320 Interfaz Sí x 1 (DVI-D nativo) Sí x 1 (HDMI2.1 nativo) Sí x 1 (DisplatPort 1.4a nativo) Sí (2.3) Soporte HDCP Máximo de pantallas 3 Soporte NVlink/ Crossfire No Accesorios 1 x Speedsetup Manual​ Software ASUS GPU Tweak III & GeForce Game Ready Driver & Studio Driver: please download all software from the support site. Dimensiones 201 x 120 x 37 mm 7.91 x 4.72 x 1.46 inches Fuente de poder recomendada 450 W Conectores de alimentación No Ranura 2 ranuras Nota * Nuestra recomendación de potencia se basa en una configuración de sistema de CPU y GPU completamente overclockeada.. Clave Oficial CT: TVIASS3750. Marca: CT.,COMPONENTES DE ENSAMBLE,tarjetas_de_video,CT,170.22,3319.36,5310.97,5310.97,4481.13,4481.13,4149.2,3983.23,assets/img/catalog/tarjetas_de_video/TVIASS3750.jpg,assets/img/catalog/tarjetas_de_video/TVIASS3750.jpg,https://static.ctonline.mx/imagenes/TVIASS3750/TVIASS3750_400.jpg
TVIASS3790,Tarjeta de Video  DUAL-RTX3050-O6G Motor gráfico NVIDIA® GeForce RTX™ 3050 Estandard PCI Express 4.0 OpenGL OpenGL®4.6 Memoria de video GDDR6 de 6 GB Reloj OC mode : 1537 MHz (Boost Clock) Default mode : 1507 MHz (Boost Clock) CUDA Core 2304 Velocidad de memoria 14 Gbps Interfaz de memoria 96 bit Resolución Digital Max Resolución 7680 x 4320 InterfazSí x 1 (DVI-D nativo) Sí x 1 (HDMI2.1 nativo) Sí x 1 (DisplatPort 1.4a nativo) Sí (2.3) Soporte HDCP Máximo de pantallas 3 Soporte NVlink/ Crossfire No Accesorios 1 x Speedsetup Manual​ Software  ASUS GPU Tweak III y GeForce Game Ready Driver y Studio Driver: descargue todo el software desde el sitio de soporte. Dimensiones 201 x 120 x 37 mm 7.91 x 4.72 x 1.46 pulgadas Fuente de poder recomendada 450 W Conectores de alimentación No Ranura 2 ranuras Nota Nuestra recomendación de potencia se basa en una configuración de sistema de CPU y GPU completamente overclockeada.,Tarjeta de Video  DUAL-RTX3050-O6G Motor gráfico NVIDIA® GeForce RTX™ 3050 Estandard PCI Express 4.0 OpenGL OpenGL®4.6 Memoria de video GDDR6 de 6 GB Reloj OC mode : 1537 MHz (Boost Clock) Default mode : 1507 MHz (Boost Clock) CUDA Core 2304 Velocidad de memoria 14 Gbps Interfaz de memoria 96 bit Resolución Digital Max Resolución 7680 x 4320 InterfazSí x 1 (DVI-D nativo) Sí x 1 (HDMI2.1 nativo) Sí x 1 (DisplatPort 1.4a nativo) Sí (2.3) Soporte HDCP Máximo de pantallas 3 Soporte NVlink/ Crossfire No Accesorios 1 x Speedsetup Manual​ Software  ASUS GPU Tweak III y GeForce Game Ready Driver y Studio Driver: descargue todo el software desde el sitio de soporte. Dimensiones 201 x 120 x 37 mm 7.91 x 4.72 x 1.46 pulgadas Fuente de poder recomendada 450 W Conectores de alimentación No Ranura 2 ranuras Nota Nuestra recomendación de potencia se basa en una configuración de sistema de CPU y GPU completamente overclockeada.. Clave Oficial CT: TVIASS3790. Marca: CT.,COMPONENTES DE ENSAMBLE,tarjetas_de_video,CT,190.94,3723.35,5957.36,5957.36,5026.53,5026.53,4654.19,4468.02,assets/img/catalog/tarjetas_de_video/TVIASS3790.jpg,assets/img/catalog/tarjetas_de_video/TVIASS3790.jpg,https://static.ctonline.mx/imagenes/TVIASS3790/TVIASS3790_400.jpg
TVIASS2530,"Tarjeta de Video ASUS Modelo DUAL-RTX3060-O12G-V2 Edición Dual GeForce RTX 3060 V2 OC Motor gráfico NVIDIA GeForce RTX 3060 Estándar de autobús PCI-Express 4.0 OpenGL OpenGL4.6 Memoria de video 12GB GDDR6 Reloj del motor Modo OC: 1867 MHz (Reloj Boost) Modo Juego: 1837 MHz (Reloj Boost) Núcleo CUDA 3584 Velocidad de la memoria 15 Gbps interfaz de memoria 192 bits Resolución  máxima digital 7680 x 4320 Interfaz Sí x 1 (HDMI 2.1 nativo) Sí x 3 (DisplayPort 1.4a nativo) Compatibilidad con HDCP Sí (2.3) Soporte máximo de pantalla 4 Soporte NVlink/Crossfire No Accesorios 1 x manual de configuración de velocidad 1 x tarjeta de colección Software Controlador ASUS GPU Tweak II y GeForce Game Ready y controlador Studio: descargue todo el software desde el sitio de soporte. Dimensiones 7,87 "" x 4,84 "" x 1,496 "" pulgadas 20 x 12,3 x 3,8 centímetros Fuente de alimentación recomendada 650W Conectores de alimentación 1x8 pines Ranura 2 ranuras","Tarjeta de Video ASUS Modelo DUAL-RTX3060-O12G-V2 Edición Dual GeForce RTX 3060 V2 OC Motor gráfico NVIDIA GeForce RTX 3060 Estándar de autobús PCI-Express 4.0 OpenGL OpenGL4.6 Memoria de video 12GB GDDR6 Reloj del motor Modo OC: 1867 MHz (Reloj Boost) Modo Juego: 1837 MHz (Reloj Boost) Núcleo CUDA 3584 Velocidad de la memoria 15 Gbps interfaz de memoria 192 bits Resolución  máxima digital 7680 x 4320 Interfaz Sí x 1 (HDMI 2.1 nativo) Sí x 3 (DisplayPort 1.4a nativo) Compatibilidad con HDCP Sí (2.3) Soporte máximo de pantalla 4 Soporte NVlink/Crossfire No Accesorios 1 x manual de configuración de velocidad 1 x tarjeta de colección Software Controlador ASUS GPU Tweak II y GeForce Game Ready y controlador Studio: descargue todo el software desde el sitio de soporte. Dimensiones 7,87 "" x 4,84 "" x 1,496 "" pulgadas 20 x 12,3 x 3,8 centímetros Fuente de alimentación recomendada 650W Conectores de alimentación 1x8 pines Ranura 2 ranuras. Clave Oficial CT: TVIASS2530. Marca: CT.",COMPONENTES DE ENSAMBLE,tarjetas_de_video,CT,346.47,6756.18,10809.88,10809.88,9120.84,9120.84,8445.22,8107.41,assets/img/catalog/tarjetas_de_video/TVIASS2530.jpg,assets/img/catalog/tarjetas_de_video/TVIASS2530.jpg,https://static.ctonline.mx/imagenes/TVIASS2530/TVIASS2530_400.jpg
TVIASS3860,"Tarjeta De Video ASUS DUAL-RTX5060-O8G Modelo DUAL-RTX5060-O8G Motor gráfico NVIDIA® GeForce RTX™ 5060. Rendimiento de la IA 614 TOP. Estándar de autobús PCI Express 5.0. OpenGL OpenGL®4.6. Memoria de vídeo 8 GB GDDR7. Reloj del motor Modo OC: 2565 MHz, Modo predeterminado: 2535 MHz (Boost Clock). Núcleos CUDA 3840. Velocidad de la memoria 28 Gbps. Interfaz de memoria 128 bits. Resolución  máxima digital 7680 x 4320. Interfaz Sí x 1 (HDMI 2.1b nativo), Sí x 3 (DisplayPort 2.1b nativo), Compatibilidad con HDCP Sí (2.3). Soporte máximo de pantalla 4. Compatibilidad con NVlink/Crossfire No. Fuente de alimentación recomendada 550 W. Conectores de alimentación 1 x 8 pines. Ranura  2.5 ranuras.","Tarjeta De Video ASUS DUAL-RTX5060-O8G Modelo DUAL-RTX5060-O8G Motor gráfico NVIDIA® GeForce RTX™ 5060. Rendimiento de la IA 614 TOP. Estándar de autobús PCI Express 5.0. OpenGL OpenGL®4.6. Memoria de vídeo 8 GB GDDR7. Reloj del motor Modo OC: 2565 MHz, Modo predeterminado: 2535 MHz (Boost Clock). Núcleos CUDA 3840. Velocidad de la memoria 28 Gbps. Interfaz de memoria 128 bits. Resolución  máxima digital 7680 x 4320. Interfaz Sí x 1 (HDMI 2.1b nativo), Sí x 3 (DisplayPort 2.1b nativo), Compatibilidad con HDCP Sí (2.3). Soporte máximo de pantalla 4. Compatibilidad con NVlink/Crossfire No. Fuente de alimentación recomendada 550 W. Conectores de alimentación 1 x 8 pines. Ranura  2.5 ranuras.. Clave Oficial CT: TVIASS3860. Marca: CT.",COMPONENTES DE ENSAMBLE,tarjetas_de_video,CT,377.76,7366.41,11786.26,11786.26,9944.66,9944.66,9208.01,8839.69,assets/img/catalog/tarjetas_de_video/TVIASS3860.jpg,assets/img/catalog/tarjetas_de_video/TVIASS3860.jpg,https://static.ctonline.mx/imagenes/TVIASS3860/TVIASS3860_400.jpg
TVIASS3370,"Tarjeta de Video ASUS TUF-RTX4060TI-O8G-GAMING  Motor gráfico NVIDIA GeForce RTXTM 4060Ti Estándar de autobús PCI Express 4.0 OpenGL OpenGL4.6 Memoria de video GDDR6 de 8GB Reloj del motor Modo OC: 2655 MHz Modo predeterminado: 2625 MHz (Boost) Núcleo CUDA 4352 Velocidad de memoria 18 Gb/s interfaz de memoria 128 bits Resolución Resolución máxima digital 7680 x 4320 Interfaz Yes x 1 (Native HDMI 2.1a) Sí x 3 (DisplatPort 1.4a nativo) Sí (2.3) HDCP Support Soporte máximo de pantalla 4 Compatibilidad con NVlink/Crossfire No Accesorios 1 tarjeta de colección 1 manual de configuración de velocidad 1 tarjeta de agradecimiento 1 soporte de tarjeta gráfica TUF 1 certificado de juego TUF 1 gancho y lazo de velcro TUF Software ASUS GPU Tweak III y GeForce Game Ready Driver y Studio Driver: descargue todo el software del sitio de soporte. Dimensiones 300x139x62,4mm Fuente de alimentación recomendada 650W Conectores de alimentación 1x8 pines Ranura ranura 3.12 SINCRONIZACIÓN DEL AURA ARGB","Tarjeta de Video ASUS TUF-RTX4060TI-O8G-GAMING  Motor gráfico NVIDIA GeForce RTXTM 4060Ti Estándar de autobús PCI Express 4.0 OpenGL OpenGL4.6 Memoria de video GDDR6 de 8GB Reloj del motor Modo OC: 2655 MHz Modo predeterminado: 2625 MHz (Boost) Núcleo CUDA 4352 Velocidad de memoria 18 Gb/s interfaz de memoria 128 bits Resolución Resolución máxima digital 7680 x 4320 Interfaz Yes x 1 (Native HDMI 2.1a) Sí x 3 (DisplatPort 1.4a nativo) Sí (2.3) HDCP Support Soporte máximo de pantalla 4 Compatibilidad con NVlink/Crossfire No Accesorios 1 tarjeta de colección 1 manual de configuración de velocidad 1 tarjeta de agradecimiento 1 soporte de tarjeta gráfica TUF 1 certificado de juego TUF 1 gancho y lazo de velcro TUF Software ASUS GPU Tweak III y GeForce Game Ready Driver y Studio Driver: descargue todo el software del sitio de soporte. Dimensiones 300x139x62,4mm Fuente de alimentación recomendada 650W Conectores de alimentación 1x8 pines Ranura ranura 3.12 SINCRONIZACIÓN DEL AURA ARGB. Clave Oficial CT: TVIASS3370. Marca: CT.",COMPONENTES DE ENSAMBLE,tarjetas_de_video,CT,438.31,8546.96,13675.14,13675.14,11538.4,11538.4,10683.71,10256.36,assets/img/catalog/tarjetas_de_video/TVIASS3370.jpg,assets/img/catalog/tarjetas_de_video/TVIASS3370.jpg,https://static.ctonline.mx/imagenes/TVIASS3370/TVIASS3370_400.jpg
TVIASS3840,"Tarjeta de Video ASUS PRIME-RTX5060TI-O8G Modelo PRIME-RTX5060TI-O8G Motor gráfico NVIDIA® GeForce RTX™ 5060 Ti Rendimiento de la IA 772 TOP Estándar de Bus PCI Express 5.0  OpenGL OpenGL®4.6 Memoria de vídeo 8 GB GDDR7 Reloj del motor Modo OC: 2647 MHz Modo predeterminado: 2617 MHz (Boost Clock) Núcleo CUDA 4608 Velocidad de la memoria 28 Gbps Interfaz de memoria 128 bits Resolución Resolución máxima digital 7680 x 4320 Interfaz Sí x 1 (HDMI 2.1b nativo) Sí x 3 (DisplayPort 2.1b nativo) Compatibilidad con HDCP Sí (2.3) Compatibilidad máxima con pantalla 4 Accesorios 1 x Manual de configuración rápida 1 x Gancho y bucle de velcro ASUS 1 x Tarjeta de agradecimiento Fuente de alimentación recomendada 550 W Conectores de alimentación 1 x 8 pines Ranura 2,5 ranuras","Tarjeta de Video ASUS PRIME-RTX5060TI-O8G Modelo PRIME-RTX5060TI-O8G Motor gráfico NVIDIA® GeForce RTX™ 5060 Ti Rendimiento de la IA 772 TOP Estándar de Bus PCI Express 5.0  OpenGL OpenGL®4.6 Memoria de vídeo 8 GB GDDR7 Reloj del motor Modo OC: 2647 MHz Modo predeterminado: 2617 MHz (Boost Clock) Núcleo CUDA 4608 Velocidad de la memoria 28 Gbps Interfaz de memoria 128 bits Resolución Resolución máxima digital 7680 x 4320 Interfaz Sí x 1 (HDMI 2.1b nativo) Sí x 3 (DisplayPort 2.1b nativo) Compatibilidad con HDCP Sí (2.3) Compatibilidad máxima con pantalla 4 Accesorios 1 x Manual de configuración rápida 1 x Gancho y bucle de velcro ASUS 1 x Tarjeta de agradecimiento Fuente de alimentación recomendada 550 W Conectores de alimentación 1 x 8 pines Ranura 2,5 ranuras. Clave Oficial CT: TVIASS3840. Marca: CT.",COMPONENTES DE ENSAMBLE,tarjetas_de_video,CT,491.59,9585.97,15337.55,15337.55,12941.06,12941.06,11982.46,11503.16,assets/img/catalog/tarjetas_de_video/TVIASS3840.jpg,assets/img/catalog/tarjetas_de_video/TVIASS3840.jpg,https://static.ctonline.mx/imagenes/TVIASS3840/TVIASS3840_400.jpg
TVIASS3930,"Tarjeta de Video ASUS DUAL-RX9060XT-16G Motor gráfico AMD Radeon RX 9060 XT, OpenGL 4.6, Memoria de video 16GB GDDR6, Reloj del motor 902 MHz, Núcleo CUDA 384, Velocidad de memoria 3250 MHz, interfaz de memoria 128 bit, Resolución  máxima digital 7680 x 4320, Interfaz Sí x 1 (DVI-D nativo), Sí x 1 (D-Sub), Sí x 1 (HDMI nativo 1.4a), Compatibilidad con HDCP Sí (2.2), Soporte máximo de pantalla 3, Accesorios Sí x 1, Software ASUS GPU Tweak IIl y controladores: descargue todo el software del sitio de soporte. Dimensiones 202 x 120 x 49mm. Fuente de poder recomendada 550W","Tarjeta de Video ASUS DUAL-RX9060XT-16G Motor gráfico AMD Radeon RX 9060 XT, OpenGL 4.6, Memoria de video 16GB GDDR6, Reloj del motor 902 MHz, Núcleo CUDA 384, Velocidad de memoria 3250 MHz, interfaz de memoria 128 bit, Resolución  máxima digital 7680 x 4320, Interfaz Sí x 1 (DVI-D nativo), Sí x 1 (D-Sub), Sí x 1 (HDMI nativo 1.4a), Compatibilidad con HDCP Sí (2.2), Soporte máximo de pantalla 3, Accesorios Sí x 1, Software ASUS GPU Tweak IIl y controladores: descargue todo el software del sitio de soporte. Dimensiones 202 x 120 x 49mm. Fuente de poder recomendada 550W. Clave Oficial CT: TVIASS3930. Marca: CT.",COMPONENTES DE ENSAMBLE,tarjetas_de_video,CT,485.94,9475.85,15161.36,15161.36,12792.4,12792.4,11844.82,11371.02,assets/img/catalog/tarjetas_de_video/TVIASS3930.jpg,assets/img/catalog/tarjetas_de_video/TVIASS3930.jpg,https://static.ctonline.mx/imagenes/TVIASS3930/TVIASS3930_400.jpg
TVIASS3900,"Tarjeta de Video ASUS DUAL-RTX5060TI-O16G Modelo DUAL-RTX5060TI-O16G Rendimiento de la IA 759 TOP. Estándar de autobús PCI Express 5.0. OpenGL OpenGL®4.6. Memoria de vídeo 16 GB GDDR7. Reloj del motor Modo OC: 2632 MHz, Modo predeterminado: 2602 MHz (Boost Clock). Núcleos CUDA 4608. Velocidad de la memoria 28 Gbps. Interfaz de memoria 128 bits. Resolución máxima digital 7680 x 4320. Interfaz Sí x 1 (HDMI 2.1b nativo), Sí x 3 (DisplayPort 2.1b nativo). Soporte máximo de pantalla 4. Dimensiones 229 x 120 x 50 mm. Fuente de alimentación recomendada 550 W. Conectores de alimentación 1 x 8 pines. Ranura 2.5 ranura.","Tarjeta de Video ASUS DUAL-RTX5060TI-O16G Modelo DUAL-RTX5060TI-O16G Rendimiento de la IA 759 TOP. Estándar de autobús PCI Express 5.0. OpenGL OpenGL®4.6. Memoria de vídeo 16 GB GDDR7. Reloj del motor Modo OC: 2632 MHz, Modo predeterminado: 2602 MHz (Boost Clock). Núcleos CUDA 4608. Velocidad de la memoria 28 Gbps. Interfaz de memoria 128 bits. Resolución máxima digital 7680 x 4320. Interfaz Sí x 1 (HDMI 2.1b nativo), Sí x 3 (DisplayPort 2.1b nativo). Soporte máximo de pantalla 4. Dimensiones 229 x 120 x 50 mm. Fuente de alimentación recomendada 550 W. Conectores de alimentación 1 x 8 pines. Ranura 2.5 ranura.. Clave Oficial CT: TVIASS3900. Marca: CT.",COMPONENTES DE ENSAMBLE,tarjetas_de_video,CT,578.0,11271.0,18033.6,18033.6,15215.85,15215.85,14088.75,13525.2,assets/img/catalog/tarjetas_de_video/TVIASS3900.jpg,assets/img/catalog/tarjetas_de_video/TVIASS3900.jpg,https://static.ctonline.mx/imagenes/TVIASS3900/TVIASS3900_400.jpg
TVIASS3910,"Tarjeta de Video ASUS DUAL-RTX5070-O12G Modelo DUAL-RTX5070-O12G Rendimiento de la IA 988 TOP. Estándar de bús PCI Express 5.0. OpenGL OpenGL®4.6. Memoria de vídeo 12 GB GDDR7 Reloj del motor Modo OC: 2572 MHz, Modo predeterminado: 2542 MHz (Boost Clock). Núcleos CUDA 6144. Velocidad de la memoria 28 Gbps. Interfaz de memoria 192 bits. Resolución máxima digital 7680 x 4320. Interfaz Sí x 1 (HDMI 2.1b nativo), Sí x 3 (DisplayPort 2.1b nativo). Soporte máximo de pantalla 4. Fuente de alimentación recomendada 750 W. Conectores de alimentación 1 x 16 pines. Ranura 2.53 ranuras. SFF Compatible.","Tarjeta de Video ASUS DUAL-RTX5070-O12G Modelo DUAL-RTX5070-O12G Rendimiento de la IA 988 TOP. Estándar de bús PCI Express 5.0. OpenGL OpenGL®4.6. Memoria de vídeo 12 GB GDDR7 Reloj del motor Modo OC: 2572 MHz, Modo predeterminado: 2542 MHz (Boost Clock). Núcleos CUDA 6144. Velocidad de la memoria 28 Gbps. Interfaz de memoria 192 bits. Resolución máxima digital 7680 x 4320. Interfaz Sí x 1 (HDMI 2.1b nativo), Sí x 3 (DisplayPort 2.1b nativo). Soporte máximo de pantalla 4. Fuente de alimentación recomendada 750 W. Conectores de alimentación 1 x 16 pines. Ranura 2.53 ranuras. SFF Compatible.. Clave Oficial CT: TVIASS3910. Marca: CT.",COMPONENTES DE ENSAMBLE,tarjetas_de_video,CT,656.47,12801.18,20481.88,20481.88,17281.59,17281.59,16001.47,15361.41,assets/img/catalog/tarjetas_de_video/TVIASS3910.jpg,assets/img/catalog/tarjetas_de_video/TVIASS3910.jpg,https://static.ctonline.mx/imagenes/TVIASS3910/TVIASS3910_400.jpg
TVIASS3920,"Tarjeta de Video ASUS DUAL-RX7600-O8G-EVO Modelo DUAL-RX7600-O8G-EVO. Estándar bús PCI Express 4.0. OpenGL OpenGL®4.6 Memoria de video 8 GB GDDR6. Reloj del motor Modo OC: hasta 2715 MHz (Boost Clock)/hasta 2300 MHz (Game Clock), Modo predeterminado: hasta 2695 MHz (Boost Clock)/hasta 2280 MHz (Game Clock). Núcleos CUDA 2048. Velocidad de memoria 18 Gbps. Interfaz de memoria 128 bit. Resolución Digital Max Resolution 7680 x 4320. Interfaz Sí x 1 (HDMI2.1 nativo), Sí x 3 (DisplatPort 1.4a nativo), Sí (2.3) HDCP Support. Máximo de pantallas 4. Fuente de poder recomendada 550 W. Conectores de alimentación 1 x 8-pin. Ranura 2.5 Slot.","Tarjeta de Video ASUS DUAL-RX7600-O8G-EVO Modelo DUAL-RX7600-O8G-EVO. Estándar bús PCI Express 4.0. OpenGL OpenGL®4.6 Memoria de video 8 GB GDDR6. Reloj del motor Modo OC: hasta 2715 MHz (Boost Clock)/hasta 2300 MHz (Game Clock), Modo predeterminado: hasta 2695 MHz (Boost Clock)/hasta 2280 MHz (Game Clock). Núcleos CUDA 2048. Velocidad de memoria 18 Gbps. Interfaz de memoria 128 bit. Resolución Digital Max Resolution 7680 x 4320. Interfaz Sí x 1 (HDMI2.1 nativo), Sí x 3 (DisplatPort 1.4a nativo), Sí (2.3) HDCP Support. Máximo de pantallas 4. Fuente de poder recomendada 550 W. Conectores de alimentación 1 x 8-pin. Ranura 2.5 Slot.. Clave Oficial CT: TVIASS3920. Marca: CT.",COMPONENTES DE ENSAMBLE,tarjetas_de_video,CT,275.94,5380.85,8609.36,8609.36,7264.15,7264.15,6726.07,6457.02,assets/img/catalog/tarjetas_de_video/TVIASS3920.jpg,assets/img/catalog/tarjetas_de_video/TVIASS3920.jpg,https://static.ctonline.mx/imagenes/TVIASS3920/TVIASS3920_400.jpg
TVIASS3850,"Tarjeta De Video ASUS PRIME-RX9070XT-O16G AMD GDDR6 Modelo PRIME-RX9070XT-O16G, Motor gráfico AMD Radeon™ RX 9070 XT, Estándar PCI Express 5.0, OpenGL OpenGL®4.6, Memoria de video 16GB GDDR6, Reloj OC mode(GPU Tweak III): up to 3030 MHz (Boost Clock)/up to 2480 MHz (Game Clock), Default mode: up to 3010 MHz (Boost Clock)/up to 2460 MHz (Game Clock), Procesadores Stream 4096, Velocidad de memoria 20 Gbps​, Interfaz de memoria 256 bit, Resolución Digital Max Resolution 7680 x 4320, Interfaz  1 Native HDMI 2.1b, x 3 Native DisplayPort 2.1a, 2.3HDCP Support Máximo de pantallas 4, Software ASUS GPU Tweak III & Drivers Fuente de poder recomendada 750W, Conectores de alimentación 3 x 8 clavijas, Ranura 2.5 Slot.","Tarjeta De Video ASUS PRIME-RX9070XT-O16G AMD GDDR6 Modelo PRIME-RX9070XT-O16G, Motor gráfico AMD Radeon™ RX 9070 XT, Estándar PCI Express 5.0, OpenGL OpenGL®4.6, Memoria de video 16GB GDDR6, Reloj OC mode(GPU Tweak III): up to 3030 MHz (Boost Clock)/up to 2480 MHz (Game Clock), Default mode: up to 3010 MHz (Boost Clock)/up to 2460 MHz (Game Clock), Procesadores Stream 4096, Velocidad de memoria 20 Gbps​, Interfaz de memoria 256 bit, Resolución Digital Max Resolution 7680 x 4320, Interfaz  1 Native HDMI 2.1b, x 3 Native DisplayPort 2.1a, 2.3HDCP Support Máximo de pantallas 4, Software ASUS GPU Tweak III & Drivers Fuente de poder recomendada 750W, Conectores de alimentación 3 x 8 clavijas, Ranura 2.5 Slot.. Clave Oficial CT: TVIASS3850. Marca: CT.",COMPONENTES DE ENSAMBLE,tarjetas_de_video,CT,716.18,13965.44,22344.71,22344.71,18853.35,18853.35,17456.8,16758.53,assets/img/catalog/tarjetas_de_video/TVIASS3850.jpg,assets/img/catalog/tarjetas_de_video/TVIASS3850.jpg,https://static.ctonline.mx/imagenes/TVIASS3850/TVIASS3850_400.jpg
TVIASS3820,"Tarjeta de Video ASUS PRIME-RTX5070TI-16G Modelo PRIME-RTX5070TI-O16G Motor gráfico NVIDIA® GeForce RTXTM 5070 Ti Rendimiento de la IA 1432 TOP Estándar de autobús PCI Express 5.0 OpenGL OpenGL®4.6 Memoria de vídeo 16 GB GDDR7 Reloj del motor Modo OC: 2527 MHz Modo predeterminado: 2497 MHz (Boost Clock) Núcleos CUDA 8960 Velocidad de la memoria 28 Gbps Interfaz de memoria 256 bits Resolución  máxima digital 7680 x 4320 Interfaz Sí x 1 (HDMI 2.1b nativo) Sí x 3 (DisplayPort 2.1b nativo) Compatibilidad con HDCP Sí (2.3) Compatibilidad máxima con pantalla 4 Compatibilidad con NVlink/Crossfire No. Accesorios 1 x Manual de configuración rápida 1 x Gancho y bucle de velcro ASUS 1 x Tarjeta de agradecimiento 1 x Cable adaptador (1 a 3) Software Controlador ASUS GPU Tweak III y MuseTree y GeForce Game Ready y controlador Studio: descargue todo el software desde el sitio de soporte. Dimensiones 304 x 126 x 50 mm 12 x 5 x 2 pulgadas Fuente de alimentación recomendada 750 W Conectores de alimentación 1 x 16 pines Ranura 2,5 ranuras Listo para SFF Compatible","Tarjeta de Video ASUS PRIME-RTX5070TI-16G Modelo PRIME-RTX5070TI-O16G Motor gráfico NVIDIA® GeForce RTXTM 5070 Ti Rendimiento de la IA 1432 TOP Estándar de autobús PCI Express 5.0 OpenGL OpenGL®4.6 Memoria de vídeo 16 GB GDDR7 Reloj del motor Modo OC: 2527 MHz Modo predeterminado: 2497 MHz (Boost Clock) Núcleos CUDA 8960 Velocidad de la memoria 28 Gbps Interfaz de memoria 256 bits Resolución  máxima digital 7680 x 4320 Interfaz Sí x 1 (HDMI 2.1b nativo) Sí x 3 (DisplayPort 2.1b nativo) Compatibilidad con HDCP Sí (2.3) Compatibilidad máxima con pantalla 4 Compatibilidad con NVlink/Crossfire No. Accesorios 1 x Manual de configuración rápida 1 x Gancho y bucle de velcro ASUS 1 x Tarjeta de agradecimiento 1 x Cable adaptador (1 a 3) Software Controlador ASUS GPU Tweak III y MuseTree y GeForce Game Ready y controlador Studio: descargue todo el software desde el sitio de soporte. Dimensiones 304 x 126 x 50 mm 12 x 5 x 2 pulgadas Fuente de alimentación recomendada 750 W Conectores de alimentación 1 x 16 pines Ranura 2,5 ranuras Listo para SFF Compatible. Clave Oficial CT: TVIASS3820. Marca: CT.",COMPONENTES DE ENSAMBLE,tarjetas_de_video,CT,751.18,14647.94,23436.71,23436.71,19774.72,19774.72,18309.93,17577.53,assets/img/catalog/tarjetas_de_video/TVIASS3820.jpg,assets/img/catalog/tarjetas_de_video/TVIASS3820.jpg,https://static.ctonline.mx/imagenes/TVIASS3820/TVIASS3820_400.jpg
TVIASS3720,Tarjeta de Video ASUS TUF Gaming Radeon RX 7900 XTX TUF-RX7900XTX-O24G-GAMING motor grafico AMD RadeonRX 7900 XTX estandarizado PCI Express 4.0 OpenGL 4.6 Memoria de video GDDR6 de 24GB Reloj Modo OC: hasta 2615 MHz (Boost Clock)/hasta 2455 MHz  Modo predeterminado: hasta 2565 MHz (Boost Clock)/hasta 22455 MHz (Game Clock) Procesadores 6144 Velocidad de memoria 20 Gbps Interfaz de memoria 384 bits Resolución  máxima digital 7680 x 4320 Interfaz Sí x 1 (HDMI2.1 nativo) Sí x 3 (DisplatPort 1.4a nativo) Sí (2.3) HDCP Support Máximo de pantallas 4. Accesorios 1 manual de configuración de velocidad. Software ASUS GPU Tweak III y controladores: descargue todo el software desde el sitio de soporte. Dimensiones 352.9 x 158.2 x 72.6 mm  13.9 x 6.23 x 2.86 pulgadas Fuente de poder recomendada 850W Conectores de alimentación 3x8-pines Ranura 3.63 slot. AURA SYNC ARGB.,Tarjeta de Video ASUS TUF Gaming Radeon RX 7900 XTX TUF-RX7900XTX-O24G-GAMING motor grafico AMD RadeonRX 7900 XTX estandarizado PCI Express 4.0 OpenGL 4.6 Memoria de video GDDR6 de 24GB Reloj Modo OC: hasta 2615 MHz (Boost Clock)/hasta 2455 MHz  Modo predeterminado: hasta 2565 MHz (Boost Clock)/hasta 22455 MHz (Game Clock) Procesadores 6144 Velocidad de memoria 20 Gbps Interfaz de memoria 384 bits Resolución  máxima digital 7680 x 4320 Interfaz Sí x 1 (HDMI2.1 nativo) Sí x 3 (DisplatPort 1.4a nativo) Sí (2.3) HDCP Support Máximo de pantallas 4. Accesorios 1 manual de configuración de velocidad. Software ASUS GPU Tweak III y controladores: descargue todo el software desde el sitio de soporte. Dimensiones 352.9 x 158.2 x 72.6 mm  13.9 x 6.23 x 2.86 pulgadas Fuente de poder recomendada 850W Conectores de alimentación 3x8-pines Ranura 3.63 slot. AURA SYNC ARGB.. Clave Oficial CT: TVIASS3720. Marca: CT.,COMPONENTES DE ENSAMBLE,tarjetas_de_video,CT,1087.76,21211.41,33938.26,33938.26,28635.41,28635.41,26514.26,25453.69,assets/img/catalog/tarjetas_de_video/TVIASS3720.jpg,assets/img/catalog/tarjetas_de_video/TVIASS3720.jpg,https://static.ctonline.mx/imagenes/TVIASS3720/TVIASS3720_400.jpg
TVIASS3830,"Tarjeta de Video ASUS PRIME-RTX5080-O16G Motor gráfico NVIDIA® GeForce RTX™ 5080 Rendimiento de la IA 1801 TOP Estandarizado PCI Express 5.0 OpenGL OpenGL®4.6 Memoria de video 16 GB GDDR7 Reloj Modo OC: 2640 MHz Modo predeterminado: 2617 MHz (Boost Clock) Núcleos CUDA 10752 Velocidad de memoria 30 Gbps Interfaz de memoria 256 bits Resolución  máxima digital 7680 x 4320 Interfaz Sí x 1 (HDMI 2.1b nativo) Sí x 3 (DisplayPort 2.1b nativo) Sí (2.3) Compatibilidad con HDCP Máximo de pantallas 4 Soporte NVlink/ Crossfire No Accesorios 1 x Manual de configuración rápida 1 x Gancho y bucle de velcro ASUS 1 x Tarjeta de agradecimiento 1 x Cable adaptador (1 a 3) Software Controlador ASUS GPU Tweak III y MuseTree y GeForce Game Ready y controlador Studio: descargue todo el software desde el sitio de soporte. Dimensiones 304 x 126 x 50 mm 12 x 5 x 2 pulgadas Fuente de poder recomendada 850 vatios Conectores de alimentación 1 x 16 pines Ranura 2,5 ranuras Listo para SFF Compatible","Tarjeta de Video ASUS PRIME-RTX5080-O16G Motor gráfico NVIDIA® GeForce RTX™ 5080 Rendimiento de la IA 1801 TOP Estandarizado PCI Express 5.0 OpenGL OpenGL®4.6 Memoria de video 16 GB GDDR7 Reloj Modo OC: 2640 MHz Modo predeterminado: 2617 MHz (Boost Clock) Núcleos CUDA 10752 Velocidad de memoria 30 Gbps Interfaz de memoria 256 bits Resolución  máxima digital 7680 x 4320 Interfaz Sí x 1 (HDMI 2.1b nativo) Sí x 3 (DisplayPort 2.1b nativo) Sí (2.3) Compatibilidad con HDCP Máximo de pantallas 4 Soporte NVlink/ Crossfire No Accesorios 1 x Manual de configuración rápida 1 x Gancho y bucle de velcro ASUS 1 x Tarjeta de agradecimiento 1 x Cable adaptador (1 a 3) Software Controlador ASUS GPU Tweak III y MuseTree y GeForce Game Ready y controlador Studio: descargue todo el software desde el sitio de soporte. Dimensiones 304 x 126 x 50 mm 12 x 5 x 2 pulgadas Fuente de poder recomendada 850 vatios Conectores de alimentación 1 x 16 pines Ranura 2,5 ranuras Listo para SFF Compatible. Clave Oficial CT: TVIASS3830. Marca: CT.",COMPONENTES DE ENSAMBLE,tarjetas_de_video,CT,1390.59,27116.47,43386.35,43386.35,36607.24,36607.24,33895.59,32539.76,assets/img/catalog/tarjetas_de_video/TVIASS3830.jpg,assets/img/catalog/tarjetas_de_video/TVIASS3830.jpg,https://static.ctonline.mx/imagenes/TVIASS3830/TVIASS3830_400.jpg
CABRBT3480,"CABLE INTERNO DE ALIMENTACIÓN ADAPTADOR PCI EXPRESS 6 PINES A 8 PINES SENCILLO (6001431), Brobotix El Nuevo Cable interno de alimentación Adaptador PCI Express de 6 pines a 8 pines permite la conexión de la fuente de poder de la computadora a las tarjetas de video ATI y NVidia que requieren una conexión de alimentación de 8 pines. Es una solución económica, que evita el cambio de la fuente de poder de la computadora con fines de compatibilidad. 1 Conector de alimentación PCI Express de 6 pines, hembra. 1 Conector de alimentación PCI Express de 8 pines, macho. Permite la conexión de una terminal de alimentación PCI Express estándar de 6 pines a una tarjeta de video con conexión de 8 pines. Solución económica que evita gastar en una nueva fuente de poder compatible. Conectores: 1 Conector de Alimentación PCI Express (6 pines, v 1.x) hembra. 1 Conector de Alimentación PCI Express (8 pines, v 2.x) macho. Color: Negro-Amarillo","CABLE INTERNO DE ALIMENTACIÓN ADAPTADOR PCI EXPRESS 6 PINES A 8 PINES SENCILLO (6001431), Brobotix El Nuevo Cable interno de alimentación Adaptador PCI Express de 6 pines a 8 pines permite la conexión de la fuente de poder de la computadora a las tarjetas de video ATI y NVidia que requieren una conexión de alimentación de 8 pines. Es una solución económica, que evita el cambio de la fuente de poder de la computadora con fines de compatibilidad. 1 Conector de alimentación PCI Express de 6 pines, hembra. 1 Conector de alimentación PCI Express de 8 pines, macho. Permite la conexión de una terminal de alimentación PCI Express estándar de 6 pines a una tarjeta de video con conexión de 8 pines. Solución económica que evita gastar en una nueva fuente de poder compatible. Conectores: 1 Conector de Alimentación PCI Express (6 pines, v 1.x) hembra. 1 Conector de Alimentación PCI Express (8 pines, v 2.x) macho. Color: Negro-Amarillo. Clave Oficial CT: CABRBT3480. Marca: CT.",ACCESORIOS,tarjetas_de_video,CT,5.78,112.67,180.27,180.27,152.1,152.1,140.83,135.2,assets/img/catalog/tarjetas_de_video/CABRBT3480.jpg,assets/img/catalog/tarjetas_de_video/CABRBT3480.jpg,https://static.ctonline.mx/imagenes/CABRBT3480/CABRBT3480_400.jpg
NBKTRL2010,"UPS de onda sinusoidal de doble conversión SmartOnLine 1,000 VA 900 W 120 V: 8 tomacorrientes, autonomía ampliada, opción para tarjeta de red, LCD, USB, DB9, rack/torre de 2U SU1000RTXLCD2U","UPS de onda sinusoidal de doble conversión SmartOnLine 1,000 VA 900 W 120 V: 8 tomacorrientes, autonomía ampliada, opción para tarjeta de red, LCD, USB, DB9, rack/torre de 2U SU1000RTXLCD2U. Clave Oficial CT: NBKTRL2010. Marca: CT.",ENERGIA,tarjetas_de_video,CT,15497.88,302208.63,483533.81,483533.81,407981.65,407981.65,377760.79,362650.36,assets/img/catalog/tarjetas_de_video/NBKTRL2010.jpg,assets/img/catalog/tarjetas_de_video/NBKTRL2010.jpg,https://static.ctonline.mx/imagenes/NBKTRL2010/NBKTRL2010_400.jpg
NBKTRL2150,"UPS de Doble Conversión TRIPP-LITE SU1500RTXLCD2U de 120V 1500 VA 1.35 kW en línea - 6 Tomacorrientes, Autonomía Extendida, Ranura para Tarjetas, LCD, USB, DB9, 2U","UPS de Doble Conversión TRIPP-LITE SU1500RTXLCD2U de 120V 1500 VA 1.35 kW en línea - 6 Tomacorrientes, Autonomía Extendida, Ranura para Tarjetas, LCD, USB, DB9, 2U. Clave Oficial CT: NBKTRL2150. Marca: CT.",ENERGIA,tarjetas_de_video,CT,20871.6,406996.2,651193.92,651193.92,549444.87,549444.87,508745.25,488395.44,assets/img/catalog/tarjetas_de_video/NBKTRL2150.jpg,assets/img/catalog/tarjetas_de_video/NBKTRL2150.jpg,https://static.ctonline.mx/imagenes/NBKTRL2150/NBKTRL2150_400.jpg
NBKTRL2730,UPS Smartonline  3000va 2700w 120v UPS de doble conversión - 7 tomas de corriente rack/torre SU3000RTXLCD2U,UPS Smartonline  3000va 2700w 120v UPS de doble conversión - 7 tomas de corriente rack/torre SU3000RTXLCD2U. Clave Oficial CT: NBKTRL2730. Marca: CT.,ENERGIA,tarjetas_de_video,CT,28254.85,550969.63,881551.4,881551.4,743809.0,743809.0,688712.03,661163.55,assets/img/catalog/tarjetas_de_video/NBKTRL2730.jpg,assets/img/catalog/tarjetas_de_video/NBKTRL2730.jpg,https://static.ctonline.mx/imagenes/NBKTRL2730/NBKTRL2730_400.jpg
NBKTRL1000,UPS Smartonline de onda sinusoidal de doble conversión 2000va 1800w SU2200RTXLCD2U,UPS Smartonline de onda sinusoidal de doble conversión 2000va 1800w SU2200RTXLCD2U. Clave Oficial CT: NBKTRL1000. Marca: CT.,ENERGIA,tarjetas_de_video,CT,18514.99,361042.22,577667.55,577667.55,487407.0,487407.0,451302.77,433250.66,assets/img/catalog/tarjetas_de_video/NBKTRL1000.jpg,assets/img/catalog/tarjetas_de_video/NBKTRL1000.jpg,https://static.ctonline.mx/imagenes/NBKTRL1000/NBKTRL1000_400.jpg
BATTRL090,"Módulo externo de baterías TRIPP LITE BP24V70-3U, de 24v para el modelo SU1000RTXL2UA y SMART750RMXL2U. ""COTIZAR FLETE CON EJECUTIVO"".","Módulo externo de baterías TRIPP LITE BP24V70-3U, de 24v para el modelo SU1000RTXL2UA y SMART750RMXL2U. ""COTIZAR FLETE CON EJECUTIVO"".. Clave Oficial CT: BATTRL090. Marca: CT.",ENERGIA,tarjetas_de_video,CT,17576.22,342736.22,548377.95,548377.95,462693.89,462693.89,428420.27,411283.46,assets/img/catalog/tarjetas_de_video/BATTRL090.jpg,assets/img/catalog/tarjetas_de_video/BATTRL090.jpg,https://static.ctonline.mx/imagenes/BATTRL090/BATTRL090_400.jpg
BATTRL120,"Módulo de batería TRIPP LITE BP48V60RT-3U, de 48v y 60ah compatible con modelos SU1500RTXL2UA y SU2200RTXL2UA. ""COTIZAR FLETE CON EJECUTIVO"".","Módulo de batería TRIPP LITE BP48V60RT-3U, de 48v y 60ah compatible con modelos SU1500RTXL2UA y SU2200RTXL2UA. ""COTIZAR FLETE CON EJECUTIVO"".. Clave Oficial CT: BATTRL120. Marca: CT.",ENERGIA,tarjetas_de_video,CT,26524.64,517230.52,827568.83,827568.83,698261.2,698261.2,646538.15,620676.63,assets/img/catalog/tarjetas_de_video/BATTRL120.jpg,assets/img/catalog/tarjetas_de_video/BATTRL120.jpg,https://static.ctonline.mx/imagenes/BATTRL120/BATTRL120_400.jpg
NBKCYP1330,"No Break Cyberpower Modelo PR1000RTXL2U 1000VA / 1000W, salida de onda senoidal, 2U, Cable de alimentación NEMA 5-15P de 10 Ft, 8 x NEMA 5-15R, puertos USB, Serial, SNMP (RMCARD205 opcional), Relay, EPO, Software PowerPanel Business Edition, Permite módulos de batería extendida (EBM BP48VP2U01), Garantía 3 años incluye batería.","No Break Cyberpower Modelo PR1000RTXL2U 1000VA / 1000W, salida de onda senoidal, 2U, Cable de alimentación NEMA 5-15P de 10 Ft, 8 x NEMA 5-15R, puertos USB, Serial, SNMP (RMCARD205 opcional), Relay, EPO, Software PowerPanel Business Edition, Permite módulos de batería extendida (EBM BP48VP2U01), Garantía 3 años incluye batería.. Clave Oficial CT: NBKCYP1330. Marca: CT.",ENERGIA,tarjetas_de_video,CT,12582.22,245353.33,392565.33,392565.33,331227.0,331227.0,306691.67,294424.0,assets/img/catalog/tarjetas_de_video/NBKCYP1330.jpg,assets/img/catalog/tarjetas_de_video/NBKCYP1330.jpg,https://static.ctonline.mx/imagenes/NBKCYP1330/NBKCYP1330_400.jpg
NBKCYP1360,"No break Cyberpower PR1500ERTXL2U 1500VA / 1125W rack/torre, 220V, línea interactiva, salida de onda senoidal, 2U, Serial, SNMP (RMCARD205 opcional), Relay, EPO, Software PowerPanel Business Edition, Permite módulos de batería extendida (EBM BPE48V75ART2U), Tecnología de derivación GreenPower UPS ™, Garantía 3 años incluye batería.","No break Cyberpower PR1500ERTXL2U 1500VA / 1125W rack/torre, 220V, línea interactiva, salida de onda senoidal, 2U, Serial, SNMP (RMCARD205 opcional), Relay, EPO, Software PowerPanel Business Edition, Permite módulos de batería extendida (EBM BPE48V75ART2U), Tecnología de derivación GreenPower UPS ™, Garantía 3 años incluye batería.. Clave Oficial CT: NBKCYP1360. Marca: CT.",ENERGIA,tarjetas_de_video,CT,19679.79,383755.88,614009.41,614009.41,518070.44,518070.44,479694.85,460507.06,assets/img/catalog/tarjetas_de_video/NBKCYP1360.jpg,assets/img/catalog/tarjetas_de_video/NBKCYP1360.jpg,https://static.ctonline.mx/imagenes/NBKCYP1360/NBKCYP1360_400.jpg
NBKCYP1350,"No break Cyberpower PR2200RTXL2U 2200VA / 2200W rack/torre, 120V, salida de onda senoidal, 2U, Cable de alimentación NEMA L5-30P de 10 Ft, 8 x NEMA 5-20R, puertos USB, Serial, SNMP (RMCARD205 opcional), Relay, EPO, Software PowerPanel Business Edition, Permite módulos de batería extendida (EBM BP48VP2U02), Garantía 3 años incluye batería.","No break Cyberpower PR2200RTXL2U 2200VA / 2200W rack/torre, 120V, salida de onda senoidal, 2U, Cable de alimentación NEMA L5-30P de 10 Ft, 8 x NEMA 5-20R, puertos USB, Serial, SNMP (RMCARD205 opcional), Relay, EPO, Software PowerPanel Business Edition, Permite módulos de batería extendida (EBM BP48VP2U02), Garantía 3 años incluye batería.. Clave Oficial CT: NBKCYP1350. Marca: CT.",ENERGIA,tarjetas_de_video,CT,22276.73,434396.3,695034.08,695034.08,586435.01,586435.01,542995.38,521275.56,assets/img/catalog/tarjetas_de_video/NBKCYP1350.jpg,assets/img/catalog/tarjetas_de_video/NBKCYP1350.jpg,https://static.ctonline.mx/imagenes/NBKCYP1350/NBKCYP1350_400.jpg
NBKCYP1220,"No Break Cyberpower PR1500RTXL2U 1500VA / 1500W, salida de onda senoidal, 2U, Cable de alimentación NEMA 5-15P de 10 Ft, 8 x NEMA 5-15R, puertos USB, Serial, SNMP (RMCARD205 opcional), Relay, EPO, Software PowerPanel Business Edition, Permite módulos de batería extendida (EBM BP48VP2U02), Garantía 3 años incluye batería.","No Break Cyberpower PR1500RTXL2U 1500VA / 1500W, salida de onda senoidal, 2U, Cable de alimentación NEMA 5-15P de 10 Ft, 8 x NEMA 5-15R, puertos USB, Serial, SNMP (RMCARD205 opcional), Relay, EPO, Software PowerPanel Business Edition, Permite módulos de batería extendida (EBM BP48VP2U02), Garantía 3 años incluye batería.. Clave Oficial CT: NBKCYP1220. Marca: CT.",ENERGIA,tarjetas_de_video,CT,16548.42,322694.23,516310.77,516310.77,435637.22,435637.22,403367.79,387233.08,assets/img/catalog/tarjetas_de_video/NBKCYP1220.jpg,assets/img/catalog/tarjetas_de_video/NBKCYP1220.jpg,https://static.ctonline.mx/imagenes/NBKCYP1220/NBKCYP1220_400.jpg
NBKCYP1400,"Nobreak CyberPower modelo PR2200ERTXL2U 2200VA / 2200W, Panel LCD Multifunción, 220/230/240 VAC, Onda Senoidal Pura, Line-Interactive con Software PowerPanel Business Edition, Regulador de Voltaje (AVR), Rack / Torre, 1 x IEC320 C19, 9 x IEC320 C13, USB/Serial, SNMP/HTTP Card (opcional). Garantía 3 años incluye batería","Nobreak CyberPower modelo PR2200ERTXL2U 2200VA / 2200W, Panel LCD Multifunción, 220/230/240 VAC, Onda Senoidal Pura, Line-Interactive con Software PowerPanel Business Edition, Regulador de Voltaje (AVR), Rack / Torre, 1 x IEC320 C19, 9 x IEC320 C13, USB/Serial, SNMP/HTTP Card (opcional). Garantía 3 años incluye batería. Clave Oficial CT: NBKCYP1400. Marca: CT.",ENERGIA,tarjetas_de_video,CT,22776.67,444145.0,710632.0,710632.0,599595.75,599595.75,555181.25,532974.0,assets/img/catalog/tarjetas_de_video/NBKCYP1400.jpg,assets/img/catalog/tarjetas_de_video/NBKCYP1400.jpg,https://static.ctonline.mx/imagenes/NBKCYP1400/NBKCYP1400_400.jpg
NBKCYP1300,"Cyberpower Modelo PR3000RTXL2U 3000VA / 3000W, salida de onda senoidal, 2U, Cable de alimentación NEMA L5-30P de 10 Ft, NEMA 5-20R +1 NEMA L5-30R, puertos USB, Serial, SNMP (RMCARD205 opcional), Relay, EPO, Software PowerPanel Business Edition, Permite módulos de batería extendida (EBM BP48VP2U02), Garantía 3 años incluye batería","Cyberpower Modelo PR3000RTXL2U 3000VA / 3000W, salida de onda senoidal, 2U, Cable de alimentación NEMA L5-30P de 10 Ft, NEMA 5-20R +1 NEMA L5-30R, puertos USB, Serial, SNMP (RMCARD205 opcional), Relay, EPO, Software PowerPanel Business Edition, Permite módulos de batería extendida (EBM BP48VP2U02), Garantía 3 años incluye batería. Clave Oficial CT: NBKCYP1300. Marca: CT.",ENERGIA,tarjetas_de_video,CT,27050.31,527481.07,843969.71,843969.71,712099.44,712099.44,659351.33,632977.28,assets/img/catalog/tarjetas_de_video/NBKCYP1300.jpg,assets/img/catalog/tarjetas_de_video/NBKCYP1300.jpg,https://static.ctonline.mx/imagenes/NBKCYP1300/NBKCYP1300_400.jpg
NBKCYP1250,"No Break Cyberpower PR3000RTXL2UHVA 3000VA / 3000W, 200-240 VAC, salida de onda senoidal, 2U, Cable de alimentación NEMA L6-20P de 10 Ft, 4 × NEMA 6-20R; 2 x NEMA L6-20R, puertos USB, Serial, SNMP (RMCARD205 opcional), Relay, EPO, Software PowerPanel Business Edition, Permite módulos de batería extendida (EBM BP48VP2U03), Garantía 3 años incluye batería.","No Break Cyberpower PR3000RTXL2UHVA 3000VA / 3000W, 200-240 VAC, salida de onda senoidal, 2U, Cable de alimentación NEMA L6-20P de 10 Ft, 4 × NEMA 6-20R; 2 x NEMA L6-20R, puertos USB, Serial, SNMP (RMCARD205 opcional), Relay, EPO, Software PowerPanel Business Edition, Permite módulos de batería extendida (EBM BP48VP2U03), Garantía 3 años incluye batería.. Clave Oficial CT: NBKCYP1250. Marca: CT.",ENERGIA,tarjetas_de_video,CT,31812.22,620338.33,992541.33,992541.33,837456.75,837456.75,775422.92,744406.0,assets/img/catalog/tarjetas_de_video/NBKCYP1250.jpg,assets/img/catalog/tarjetas_de_video/NBKCYP1250.jpg,https://static.ctonline.mx/imagenes/NBKCYP1250/NBKCYP1250_400.jpg
NBKCYP480,"No Break Cyberpower PR5000LCDRTXL5U 5000 VA / 4500 W, Topología de Línea Interactiva, Compatible con PFC activo, Regulación Automática de Voltaje (AVR), Salida de carga críticas y no críticas, Modulo de batería extendida (EBM), Visto de estado LCD, Puerto (EPO) de apagado de emergencia, Capacidad de gestión remota SNMP / HTTP (opcional), Salida de onda senoidal pura, Baterías intercambiables en caliente, Puerto de conexión USB, Configuraciones convertibles en rack/torre, Tecnología de ahorro de energía, Protección contra sobrecargas. 3 años de garantía.","No Break Cyberpower PR5000LCDRTXL5U 5000 VA / 4500 W, Topología de Línea Interactiva, Compatible con PFC activo, Regulación Automática de Voltaje (AVR), Salida de carga críticas y no críticas, Modulo de batería extendida (EBM), Visto de estado LCD, Puerto (EPO) de apagado de emergencia, Capacidad de gestión remota SNMP / HTTP (opcional), Salida de onda senoidal pura, Baterías intercambiables en caliente, Puerto de conexión USB, Configuraciones convertibles en rack/torre, Tecnología de ahorro de energía, Protección contra sobrecargas. 3 años de garantía.. Clave Oficial CT: NBKCYP480. Marca: CT.",ENERGIA,tarjetas_de_video,CT,53320.43,1039748.45,1663597.52,1663597.52,1403660.41,1403660.41,1299685.56,1247698.14,assets/img/catalog/tarjetas_de_video/NBKCYP480.jpg,assets/img/catalog/tarjetas_de_video/NBKCYP480.jpg,https://static.ctonline.mx/imagenes/NBKCYP480/NBKCYP480_400.jpg
NBKCYP640,"No Break Cyberpower OL1000RTXL2U  1000VA / 900W, Online Doble Conversión, LCD inteligente, Onda Senoidal Pura, Software PowerPanel Business Edition, Convertible Torre/Rack 2U, 8 × NEMA 5-15R, USB/Serial, Tarjeta SNMP/HTTP Card (opcional). Garantía 3 años incluye batería","No Break Cyberpower OL1000RTXL2U  1000VA / 900W, Online Doble Conversión, LCD inteligente, Onda Senoidal Pura, Software PowerPanel Business Edition, Convertible Torre/Rack 2U, 8 × NEMA 5-15R, USB/Serial, Tarjeta SNMP/HTTP Card (opcional). Garantía 3 años incluye batería. Clave Oficial CT: NBKCYP640. Marca: CT.",ENERGIA,tarjetas_de_video,CT,14448.06,281737.08,450779.33,450779.33,380345.06,380345.06,352171.35,338084.5,assets/img/catalog/tarjetas_de_video/NBKCYP640.jpg,assets/img/catalog/tarjetas_de_video/NBKCYP640.jpg,https://static.ctonline.mx/imagenes/NBKCYP640/NBKCYP640_400.jpg
NBKCYP630,"No Break Cyberpower OL1500RTXL2U 1500VA / 1350W, Online Doble Conversión, LCD inteligente, Onda Senoidal Pura, Software PowerPanel Business Edition, Convertible Torre/Rack 2U, 8 × NEMA 5-15R, USB/Serial, Tarjeta SNMP/HTTP Card (opcional). Garantía 3 años incluye batería","No Break Cyberpower OL1500RTXL2U 1500VA / 1350W, Online Doble Conversión, LCD inteligente, Onda Senoidal Pura, Software PowerPanel Business Edition, Convertible Torre/Rack 2U, 8 × NEMA 5-15R, USB/Serial, Tarjeta SNMP/HTTP Card (opcional). Garantía 3 años incluye batería. Clave Oficial CT: NBKCYP630. Marca: CT.",ENERGIA,tarjetas_de_video,CT,18266.92,356204.98,569927.97,569927.97,480876.73,480876.73,445256.23,427445.98,assets/img/catalog/tarjetas_de_video/NBKCYP630.jpg,assets/img/catalog/tarjetas_de_video/NBKCYP630.jpg,https://static.ctonline.mx/imagenes/NBKCYP630/NBKCYP630_400.jpg
NBKCYP770,"No Break Cyberpower OL2200RTXL2U 2000VA / 1800W, Online Doble Conversión, LCD inteligente, Onda Senoidal Pura, Software PowerPanel Business Edition, Convertible Torre/Rack 2U, 6 × NEMA 5-20R, 1 × L5-20R, USB/Serial Tarjeta SNMP/HTTP Card (opcional). Garantía 3 años incluye batería","No Break Cyberpower OL2200RTXL2U 2000VA / 1800W, Online Doble Conversión, LCD inteligente, Onda Senoidal Pura, Software PowerPanel Business Edition, Convertible Torre/Rack 2U, 6 × NEMA 5-20R, 1 × L5-20R, USB/Serial Tarjeta SNMP/HTTP Card (opcional). Garantía 3 años incluye batería. Clave Oficial CT: NBKCYP770. Marca: CT.",ENERGIA,tarjetas_de_video,CT,26237.03,511622.15,818595.44,818595.44,690689.9,690689.9,639527.69,613946.58,assets/img/catalog/tarjetas_de_video/NBKCYP770.jpg,assets/img/catalog/tarjetas_de_video/NBKCYP770.jpg,https://static.ctonline.mx/imagenes/NBKCYP770/NBKCYP770_400.jpg
NBKCYP610,"No Break Cyberpower OL3000RTXL2U 3000VA / 2700W, Online Doble Conversión, LCD inteligente, Onda Senoidal Pura, Software PowerPanel Business Edition, Convertible Torre/Rack 2U, 6 × NEMA 5-20R, 1 L5-30R, USB/Serial Tarjeta SNMP/HTTP Card (opcional). Garantía 3 años incluye batería","No Break Cyberpower OL3000RTXL2U 3000VA / 2700W, Online Doble Conversión, LCD inteligente, Onda Senoidal Pura, Software PowerPanel Business Edition, Convertible Torre/Rack 2U, 6 × NEMA 5-20R, 1 L5-30R, USB/Serial Tarjeta SNMP/HTTP Card (opcional). Garantía 3 años incluye batería. Clave Oficial CT: NBKCYP610. Marca: CT.",ENERGIA,tarjetas_de_video,CT,30478.37,594328.15,950925.04,950925.04,802343.0,802343.0,742910.19,713193.78,assets/img/catalog/tarjetas_de_video/NBKCYP610.jpg,assets/img/catalog/tarjetas_de_video/NBKCYP610.jpg,https://static.ctonline.mx/imagenes/NBKCYP610/NBKCYP610_400.jpg
NBKCYP1070,"No Break Cyberpower OL3000RTXL2UHV 3000VA / 2700W, Online Doble Conversión, 200 - 240 Vac, LCD inteligente, Onda Senoidal Pura, Software PowerPanel Business Edition, Convertible Torre/Rack 2U, 2 × NEMA L6-20R, 1 × NEMA L6-30R, USB/Serial Tarjeta SNMP/HTTP Card (opcional). Garantía 3 años incluye batería","No Break Cyberpower OL3000RTXL2UHV 3000VA / 2700W, Online Doble Conversión, 200 - 240 Vac, LCD inteligente, Onda Senoidal Pura, Software PowerPanel Business Edition, Convertible Torre/Rack 2U, 2 × NEMA L6-20R, 1 × NEMA L6-30R, USB/Serial Tarjeta SNMP/HTTP Card (opcional). Garantía 3 años incluye batería. Clave Oficial CT: NBKCYP1070. Marca: CT.",ENERGIA,tarjetas_de_video,CT,32171.6,627346.2,1003753.92,1003753.92,846917.37,846917.37,784182.75,752815.44,assets/img/catalog/tarjetas_de_video/NBKCYP1070.jpg,assets/img/catalog/tarjetas_de_video/NBKCYP1070.jpg,https://static.ctonline.mx/imagenes/NBKCYP1070/NBKCYP1070_400.jpg
BATCYP070,"Paquete de baterías externas para extensión de tiempo de respaldo BP72V60ART2U. Se utiliza con los modelos OL2200RTXL2U, OL3000RTXL2U y OL3000RTXL2UHV","Paquete de baterías externas para extensión de tiempo de respaldo BP72V60ART2U. Se utiliza con los modelos OL2200RTXL2U, OL3000RTXL2U y OL3000RTXL2UHV. Clave Oficial CT: BATCYP070. Marca: CT.",ENERGIA,tarjetas_de_video,CT,18642.1,363520.95,581633.52,581633.52,490753.28,490753.28,454401.19,436225.14,assets/img/catalog/tarjetas_de_video/BATCYP070.jpg,assets/img/catalog/tarjetas_de_video/BATCYP070.jpg,https://static.ctonline.mx/imagenes/BATCYP070/BATCYP070_400.jpg
BATCYP080,Paquete de baterías externas para extensión de tiempo de respaldo BP36V60ART2U. Se utiliza con los modelos OL1000RTXL2U y OL1500RTXL2U,Paquete de baterías externas para extensión de tiempo de respaldo BP36V60ART2U. Se utiliza con los modelos OL1000RTXL2U y OL1500RTXL2U. Clave Oficial CT: BATCYP080. Marca: CT.,ENERGIA,tarjetas_de_video,CT,11836.26,230806.98,369291.17,369291.17,311589.43,311589.43,288508.73,276968.38,assets/img/catalog/tarjetas_de_video/BATCYP080.jpg,assets/img/catalog/tarjetas_de_video/BATCYP080.jpg,https://static.ctonline.mx/imagenes/BATCYP080/BATCYP080_400.jpg
BATCYP200,Módulo de baterías externas para extensión de tiempo de respaldo BP48VP2U03. Se utiliza con los modelos PR3000RTXL2UHVA,Módulo de baterías externas para extensión de tiempo de respaldo BP48VP2U03. Se utiliza con los modelos PR3000RTXL2UHVA. Clave Oficial CT: BATCYP200. Marca: CT.,ENERGIA,tarjetas_de_video,CT,18116.04,353262.87,565220.59,565220.59,476904.87,476904.87,441578.58,423915.44,assets/img/catalog/tarjetas_de_video/BATCYP200.jpg,assets/img/catalog/tarjetas_de_video/BATCYP200.jpg,https://static.ctonline.mx/imagenes/BATCYP200/BATCYP200_400.jpg
BATCYP210,"Cyberpower Modelo BP48VP2U02 Módulo de baterías externas para extensión de tiempo de respaldo. Se utiliza con los modelos PR1500RTXL2U, PR2200RTXL2U y PR3000RTXL2U","Cyberpower Modelo BP48VP2U02 Módulo de baterías externas para extensión de tiempo de respaldo. Se utiliza con los modelos PR1500RTXL2U, PR2200RTXL2U y PR3000RTXL2U. Clave Oficial CT: BATCYP210. Marca: CT.",ENERGIA,tarjetas_de_video,CT,11341.38,221156.87,353850.99,353850.99,298561.77,298561.77,276446.08,265388.24,assets/img/catalog/tarjetas_de_video/BATCYP210.jpg,assets/img/catalog/tarjetas_de_video/BATCYP210.jpg,https://static.ctonline.mx/imagenes/BATCYP210/BATCYP210_400.jpg
BATCYP220,"Cyberpower Modelo BP48VP2U01 Módulo de baterías externas para extensión de tiempo de respaldo. Se utiliza con los modelos PR750RTXL2U, PR1000RTXL2U","Cyberpower Modelo BP48VP2U01 Módulo de baterías externas para extensión de tiempo de respaldo. Se utiliza con los modelos PR750RTXL2U, PR1000RTXL2U. Clave Oficial CT: BATCYP220. Marca: CT.",ENERGIA,tarjetas_de_video,CT,8944.44,174416.67,279066.67,279066.67,235462.5,235462.5,218020.83,209300.0,assets/img/catalog/tarjetas_de_video/BATCYP220.jpg,assets/img/catalog/tarjetas_de_video/BATCYP220.jpg,https://static.ctonline.mx/imagenes/BATCYP220/BATCYP220_400.jpg
