Numero_Publicacion_MLM,SKU,Categoria,Titulo,URL_Foto_GitHub_HD_1000px,Resolucion,Estado_Fondo
MLM6137655062,GABSTY090,Gabinetes,Gabinete Stylos Xz115 Xzeal Xzcgb03b ATX,https://raw.githubusercontent.com/iaworldcenter-creator/pc-custom-lab/main/assets/temp_ml_images/GABSTY090.jpg,1000x1000 px,Fondo blanco puro verificado
MLM3427190341,DDUDAT2220,Discos duros y SSDs,Unidad SSD Adata Xpg Gammix S70 Blade 4tb M.2,https://raw.githubusercontent.com/iaworldcenter-creator/pc-custom-lab/main/assets/temp_ml_images/DDUDAT2220.jpg,1000x1000 px,Fondo blanco puro verificado
MLM3427203335,CABITL100,Discos duros y SSDs,Cable De Corriente Para Disco Duro Sata,https://raw.githubusercontent.com/iaworldcenter-creator/pc-custom-lab/main/assets/temp_ml_images/CABITL100.jpg,1000x1000 px,Fondo blanco puro verificado
MLM6137655056,DDUWSD1230,Discos duros y SSDs,Disco Duro Wd 1tb Blue 7mm Wd10spzx,https://raw.githubusercontent.com/iaworldcenter-creator/pc-custom-lab/main/assets/temp_ml_images/DDUWSD1230.jpg,1000x1000 px,Fondo blanco puro verificado
MLM3427190349,MEMDAT7250,Memorias RAM,Memoria Ram Adata Xpg Lancer Blade DDR5 8gb UDIMM,https://raw.githubusercontent.com/iaworldcenter-creator/pc-custom-lab/main/assets/temp_ml_images/MEMDAT7250.jpg,1000x1000 px,Fondo blanco puro verificado
MLM3427190351,MEMDAT7240,Memorias RAM,Memoria Ram Adata Xpg Lancer Blade DDR5 8gb UDIMM White,https://raw.githubusercontent.com/iaworldcenter-creator/pc-custom-lab/main/assets/temp_ml_images/MEMDAT7240.jpg,1000x1000 px,Fondo blanco puro verificado
MLM3427203339,MEMHPE530,Memorias RAM,Memoria Ram Hpe P64336-b21 16gb DDR4 Server,https://raw.githubusercontent.com/iaworldcenter-creator/pc-custom-lab/main/assets/temp_ml_images/MEMHPE530.jpg,1000x1000 px,Fondo blanco puro verificado
MLM3427203341,MEMKGN2670,Memorias RAM,Memoria Kingston 4gb 1600mhz DDR3 DIMM,https://raw.githubusercontent.com/iaworldcenter-creator/pc-custom-lab/main/assets/temp_ml_images/MEMKGN2670.jpg,1000x1000 px,Fondo blanco puro verificado
MLM6137655084,MEMKGN5010,Memorias RAM,Memoria Kingston Propietaria 16gb DDR5 5600mt/s,https://raw.githubusercontent.com/iaworldcenter-creator/pc-custom-lab/main/assets/temp_ml_images/MEMKGN5010.jpg,1000x1000 px,Fondo blanco puro verificado
MLM3427190335,GABVGO040,Fuentes,Fuente De Poder Game Factor ATX PSG-650 650W,https://raw.githubusercontent.com/iaworldcenter-creator/pc-custom-lab/main/assets/temp_ml_images/GABVGO040.jpg,1000x1000 px,Fondo blanco puro verificado
MLM3427190325,VENITL040,Fuentes,Ventilador Para Gabinetes 80mm 4 Pines,https://raw.githubusercontent.com/iaworldcenter-creator/pc-custom-lab/main/assets/temp_ml_images/VENITL040.jpg,1000x1000 px,Fondo blanco puro verificado
MLM3427190331,GABEVO290,Fuentes,Fuente De Poder Evotec 500w EV-500 ATX,https://raw.githubusercontent.com/iaworldcenter-creator/pc-custom-lab/main/assets/temp_ml_images/GABEVO290.jpg,1000x1000 px,Fondo blanco puro verificado
MLM3427190333,ACCDAH580,Fuentes,Fuente De Poder Regulada En Gabinete 12v 20a Dahua,https://raw.githubusercontent.com/iaworldcenter-creator/pc-custom-lab/main/assets/temp_ml_images/ACCDAH580.jpg,1000x1000 px,Fondo blanco puro verificado
MLM3427203327,GABBLR580,Fuentes,Fuente De Poder 1050w 80 Plus Platino Balam Rush,https://raw.githubusercontent.com/iaworldcenter-creator/pc-custom-lab/main/assets/temp_ml_images/GABBLR580.jpg,1000x1000 px,Fondo blanco puro verificado
MLM6137655078,IMPSMP1400,Fuentes,Impresora Móvil De Etiquetas Térmica Directa Wifi,https://raw.githubusercontent.com/iaworldcenter-creator/pc-custom-lab/main/assets/temp_ml_images/IMPSMP1400.jpg,1000x1000 px,Fondo blanco puro verificado
